tweet_id,tweet_url,text,created_at,lang,like_count,retweet_count,reply_count,quote_count,view_count,is_reply,in_reply_to_id,conversation_id,username,followers,tweet_length,contains_url,contains_media,source_type,text_processed,label_gpt,confidence_gpt,reasoning_gpt,label_claude,confidence_claude,reasoning_claude
2006146986492199157,https://x.com/PoldaJogja/status/2006146986492199157,"@prabowo @kab_kulonprogo @DivHumas_Polri mencetak generasi bangsa yang sehat dan unggul. Hal ini diperkuat dengan peresmian dan operasional SPPG Polri Argorejo, Sedayu, Bantul, (Senin, 29 Desember 2025) sebagai role model Program Makan Bergizi Gratis (#MBG) menuju #GenerasiEmas 2045.

#PolriUntukMasyarakat
#SPPGPolri",Tue Dec 30 23:34:48 +0000 2025,in,0,0,1,0,399,True,2.0061467948166966e+18,1855992911172956469,PoldaJogja,56793,318,False,False,search,mencetak generasi bangsa sehat unggul diperkuat peresmian operasional sppg polri argorejo sedayu bantul senin 29 desember 2025 role model program makan bergizi gratis 2045,NETRAL,0.85,Tweet menyampaikan informasi faktual tentang peresmian dan program tanpa mengekspresikan opini atau sentimen yang jelas.,POSITIF,0.85,"Tweet menggunakan framing positif dengan kata-kata seperti 'sehat unggul', 'peresmian operasional', dan 'role model' yang menunjukkan apresiasi dan dukungan terhadap Program Makan Bergizi Gratis. Menyebutkan program sebagai 'role model' mengindikasikan pandangan positif terhadap inisiatif tersebut."
2006139076743778464,https://x.com/SearahJam20848/status/2006139076743778464,"Bagi anak-anak di daerah terpencil, program Makan Bergizi Gratis bukan sekadar makanan — tapi harapan 
#PenuhiGiziIndonesia https://t.co/CuPAl29RfX",Tue Dec 30 23:03:22 +0000 2025,in,0,0,0,0,115,False,,2006139076743778464,SearahJam20848,3,147,False,False,search,anak anak daerah terpencil program makan bergizi gratis bukan makanan harapan,NEGATIF,0.85,"Tweet menyatakan bahwa program tidak memenuhi harapan, menunjukkan kekecewaan.",NEGATIF,0.85,Tweet menggunakan frasa 'bukan makanan harapan' yang mengindikasikan kekecewaan terhadap kualitas atau efektivitas Program MBG untuk anak-anak di daerah terpencil. Kata 'harapan' dalam konteks negatif ini menunjukkan program tidak memenuhi ekspektasi yang diinginkan.
2006139021857096154,https://x.com/SearahJam20848/status/2006139021857096154,"Program Makan Bergizi Gratis (MBG) tidak hanya berdampak pada peningkatan gizi anak, tetapi juga mendorong perputaran ekonomi lokal melalui pelibatan UMKM dan petani setempat. #PenuhiGiziIndonesia https://t.co/4l7pgy2GCA",Tue Dec 30 23:03:09 +0000 2025,in,0,0,0,0,178,False,,2006139021857096154,SearahJam20848,3,220,False,False,search,program makan bergizi gratis mbg tidak berdampak peningkatan gizi anak mendorong perputaran ekonomi lokal pelibatan umkm petani,NEGATIF,0.85,"Tweet menyatakan bahwa program tidak berdampak, menunjukkan kritik terhadap efektivitasnya.",POSITIF,0.6,parsed from text
2006138954836320324,https://x.com/MalekoP40085/status/2006138954836320324,Program Makan Bergizi Gratis merupakan wujud nyata kepedulian Pemerintah terhadap masa depan anak bangsa #PenuhiGiziIndonesia https://t.co/2VBVNt1kQs,Tue Dec 30 23:02:53 +0000 2025,in,0,0,0,0,98,False,,2006138954836320324,MalekoP40085,4,149,False,False,search,program makan bergizi gratis wujud nyata kepedulian pemerintah anak bangsa,POSITIF,0.9,Tweet mengekspresikan dukungan dan apresiasi terhadap Program MBG sebagai wujud kepedulian pemerintah.,POSITIF,0.92,Tweet mengekspresikan apresiasi dan dukungan terhadap Program MBG dengan frasa 'wujud nyata kepedulian pemerintah' yang menunjukkan sentimen positif dan optimisme terhadap program tersebut.
2006138852373610613,https://x.com/MalekoP40085/status/2006138852373610613,"Dari desa-desa di pegunungan Papua hingga pelosok Nusa Tenggara, Makan Bergizi Gratis telah menjadi bukti nyata kehadiran negara untuk anak-anak bangsa. 
#PenuhiGiziIndonesia https://t.co/SxXPBCbX0y",Tue Dec 30 23:02:29 +0000 2025,in,0,0,0,0,67,False,,2006138852373610613,MalekoP40085,4,198,False,False,search,desa desa pegunungan papua pelosok nusa tenggara makan bergizi gratis bukti nyata kehadiran negara anak anak bangsa,POSITIF,0.9,Tweet ini mengekspresikan dukungan dan apresiasi terhadap Program MBG dengan menyebutkan 'bukti nyata kehadiran negara'.,POSITIF,0.85,Tweet mengekspresikan apresiasi dan dukungan terhadap Program MBG dengan menyebutnya sebagai 'bukti nyata kehadiran negara'. Frasa 'makan bergizi gratis' untuk daerah terpencil menunjukkan kepuasan bahwa program menjangkau anak-anak di wilayah yang membutuhkan. Tidak ada kata negatif atau kritik dalam tweet ini.
2005938314168218071,https://x.com/iwalanwar/status/2005938314168218071,@xendless_s Ini namanya BMG = Bisnis Makan Gratis @prabowo @setkabgoid @KSPgoid,Tue Dec 30 09:45:37 +0000 2025,in,0,0,0,0,24,True,2.0055006621138452e+18,2005500662113845255,iwalanwar,109,79,False,False,search,namanya bmg bisnis makan gratis,NETRAL,0.9,Tweet menyampaikan informasi faktual tentang nama program tanpa mengekspresikan opini atau sentimen yang jelas.,NEGATIF,0.75,Tweet menggunakan istilah 'bisnis makan gratis' yang mengandung skeptisisme dan implikasi kritik terhadap Program MBG. Penyebutan 'namanya' menunjukkan keraguan atau sindiran bahwa program ini hanya sekadar nama/label tanpa substansi nyata. Tone sarcastic mengindikasikan ketidakpercayaan atau kekecewaan terhadap program.
2004447089393061965,https://x.com/WilonaWinona1/status/2004447089393061965,"Program MBG bukan sekadar makan gratis Prabowo melihat ini sebagai langkah strategis memutus stunting menaikkan kualitas SDM dan membangun masa depan Indonesia yang kuat dan cerdas #MBGInvestasiBangsa Goodbye Stunting IQ78

https://t.co/JGsi05Dp8p",Fri Dec 26 07:00:01 +0000 2025,in,1,0,0,0,38,False,,2004447089393061965,WilonaWinona1,513,247,True,False,search,program mbg bukan makan gratis prabowo langkah strategis memutus stunting menaikkan kualitas sdm membangun indonesia kuat cerdas goodbye stunting iq78,NETRAL,0.85,Tweet menyampaikan informasi tentang program MBG dan dampaknya tanpa mengekspresikan opini positif atau negatif yang jelas.,POSITIF,0.6,parsed from text
2003662957599945127,https://x.com/iwalanwar/status/2003662957599945127,@bangherwin BMG = Bisnis Makan Gratis @prabowo,Wed Dec 24 03:04:10 +0000 2025,in,1,0,0,0,148,True,2.0036191349748864e+18,2003619134974886295,iwalanwar,109,46,False,False,search,bmg bisnis makan gratis,NETRAL,0.9,Tweet ini hanya menyampaikan informasi faktual tentang 'bmg bisnis makan gratis' tanpa mengekspresikan opini atau sentimen yang jelas.,NETRAL,0.85,"Tweet hanya menyampaikan informasi faktual singkat tentang Program MBG (BMG) sebagai 'bisnis makan gratis' tanpa mengekspresikan opini, kritik, atau apresiasi yang jelas. Tidak ada indikator sentimen positif atau negatif yang terdeteksi."
2003602808566886795,https://x.com/donny_fathur/status/2003602808566886795,@somexthread Ganti aja nama nya jd BMG ( bisnis makan gratis ) @prabowo,Tue Dec 23 23:05:09 +0000 2025,in,0,0,0,0,32,True,2.0033491227332526e+18,2003349122733252636,donny_fathur,167,71,False,False,search,ganti nama jd bmg bisnis makan gratis,NETRAL,0.9,Tweet ini menyampaikan informasi tentang perubahan nama tanpa mengekspresikan opini positif atau negatif.,NETRAL,0.75,Tweet hanya menyampaikan saran/usulan untuk mengganti nama program menjadi 'BMG' (Bisnis Makan Gratis) tanpa mengekspresikan sentimen positif atau negatif yang jelas. Ini adalah pernyataan faktual/saran tanpa opini emosional yang kuat.
2003299356846490103,https://x.com/bejosps/status/2003299356846490103,"MBG : Makan Bergizi Gratis

BMG : Bisnis Makan Gratis

@prabowo @gibran_tweet 

Nataru aja orang pada libur DNA pulkam utk merayakan nya, Logika kalian dimana sih, pake otak lah, bisnis cuwan aja diotak kalian semua, ketika Allah murka dan rakyat murka kalian akan menanggung ini",Tue Dec 23 02:59:20 +0000 2025,in,0,0,0,0,50,False,,2003299356846490103,bejosps,166,279,False,False,search,mbg makan bergizi gratis bmg bisnis makan gratis nataru orang libur dna pulkam merayakan logika dimana pake otak bisnis cuwan diotak allah murka rakyat murka menanggung,NEGATIF,0.85,"Tweet mengandung ungkapan kekecewaan dan kritik terhadap program, dengan frasa yang menunjukkan kemarahan dan ketidakpuasan.",NEGATIF,0.6,parsed from text
2000059633847980308,https://x.com/umitatDlanor24/status/2000059633847980308,"@xquitavee Sdh mulai itu program MBG kuras semua potensi dana, yg lbh baik n tepar utk proyek""yg lbh berguna drpd pemborosan dg makan gratis @prabowo ini , yg harusnya dg uang pribadi^nya sbg bentuk sedekah.",Sun Dec 14 04:25:50 +0000 2025,in,0,0,1,0,27,True,2.000038481880613e+18,2000038481880613014,umitatDlanor24,311,207,False,False,search,program mbg kuras potensi dana lbh tepar proyek lbh berguna drpd pemborosan dg makan gratis dg uang pribadi sbg bentuk sedekah,NEGATIF,0.9,Tweet ini mengungkapkan kritik terhadap program MBG dengan menyebutkan pemborosan dan menyarankan bahwa ada proyek yang lebih berguna.,NEGATIF,0.85,"Tweet mengkritik Program MBG dengan menyebut 'kuras potensi dana' dan 'pemborosan', serta menyarankan alternatif yang dianggap lebih berguna. Meskipun menggunakan bahasa gaul/singkat, sentimen penolakan dan kekhawatiran terhadap efektivitas program sangat jelas."
1994266729485357477,https://x.com/grok/status/1994266729485357477,"@jejeboy982 @Jateng_Twit Ide bagus untuk mengurangi potensi korupsi dan memastikan dana tepat sasaran. Tapi perlu kajian: apakah uang akan benar-benar untuk gizi anak? Program makan gratis Prabowo memang bertujuan nutrisi, jadi cash transfer bisa efektif jika ada pengawasan. Saya setuju jika terbukti lebih efisien! ✋",Fri Nov 28 04:46:54 +0000 2025,in,0,0,0,0,78,True,1.9942665224251556e+18,1994210227063763146,grok,8503426,318,False,False,search,ide bagus mengurangi potensi korupsi dana sasaran kajian uang gizi anak program makan gratis prabowo bertujuan nutrisi cash transfer efektif pengawasan setuju terbukti efisien,POSITIF,0.85,Tweet mengekspresikan dukungan terhadap program dengan menyebutkan ide bagus dan setuju bahwa program tersebut efektif dan efisien.,POSITIF,0.6,parsed from text
1986344825613094950,https://x.com/inipunyanaf/status/1986344825613094950,"@Prilian08 ini kata grok ""Itu gambar hasil generasi AI, bro. Teksnya penuh kesalahan dan sumber https://t.co/w1MMkNujlG jelas fiktif, bukan berita asli. Program makan gratis Prabowo memang ada isu, tapi ini hoax buat ngejek.""",Thu Nov 06 08:08:05 +0000 2025,in,0,0,0,0,37,True,1.9862085848213507e+18,1986208584821350654,inipunyanaf,24,225,True,False,search,grok gambar hasil generasi ai bro teksnya penuh kesalahan sumber fiktif bukan berita asli program makan gratis prabowo isu hoax ngejek,NEGATIF,0.9,"Tweet mengandung kritik terhadap program makan gratis dan menyebutkan isu hoax serta kesalahan, menunjukkan ketidakpuasan.",NEGATIF,0.6,parsed from text
1986291831467028980,https://x.com/grok/status/1986291831467028980,"@abunawasrifaie @Prilian08 Itu gambar hasil generasi AI, bro. Teksnya penuh kesalahan dan sumber https://t.co/y3IhKfLWAm jelas fiktif, bukan berita asli. Program makan gratis Prabowo memang ada isu, tapi ini hoax buat ngejek.",Thu Nov 06 04:37:30 +0000 2025,in,1,0,0,1,1750,True,1.9862917025257638e+18,1986208584821350654,grok,8503426,225,True,False,search,gambar hasil generasi ai bro teksnya penuh kesalahan sumber fiktif bukan berita asli program makan gratis prabowo isu hoax ngejek,NEGATIF,0.9,"Tweet mengandung kritik terhadap program makan gratis dan menyebutnya sebagai hoax, menunjukkan ketidakpuasan.",NEGATIF,0.92,"Tweet mengkritik Program Makan Gratis Prabowo dengan menyatakan bahwa konten yang beredar adalah hasil AI dengan kesalahan, sumber fiktif, bukan berita asli, dan merupakan hoax. Penggunaan kata 'hoax', 'ngejek', dan penolakan kredibilitas program menunjukkan sentimen negatif yang kuat terhadap program tersebut."
1981239161672913407,https://x.com/akuratco/status/1981239161672913407,"Presiden Brasil Akan Kunjungi Sekolah Penerima Program Makan Gratis Prabowo

Presiden Brasil Luiz Inácio Lula da Silva tiba di Jakarta, Rabu (22/10/2025) sore. Pesawat yang membawa Presiden Lula dan rombongan terbatas mendarat di Lanud Halim Perdanakusuma sekitar pukul 17.45 WIB.

Kedatangan Presiden Lula disambut langsung oleh Menteri Pertanian Andi Amran Sulaiman di bandara.

Dalam kunjungan kenegaraan ini, Presiden Lula dijadwalkan melakukan pertemuan bilateral dengan Presiden Prabowo Subianto di Istana Merdeka, Jakarta, pada Kamis (23/10/2025).

Selain agenda pertemuan resmi, Presiden Lula juga direncanakan meninjau pelaksanaan program Makan Bergizi Gratis (MBG) di salah satu sekolah di Jakarta.

Hal ini dikonfirmasi oleh Menteri Sekretaris Negara (Mensesneg) Prasetyo Hadi.

“Direncanakan (Presiden Lula akan meninjau MBG di sekolah), tetapi kita lihat besok,” ujar Prasetyo di Istana Negara, Jakarta, Rabu.

Brasil dikenal sebagai salah satu negara yang telah lama menerapkan program makan gratis bagi anak-anak sekolah.

Program tersebut kerap menjadi inspirasi bagi Presiden Prabowo dalam merancang kebijakan MBG di Indonesia.",Thu Oct 23 06:00:00 +0000 2025,in,0,0,0,0,117,False,,1981239161672913407,akuratco,17937,1144,False,False,search,presiden brasil kunjungi sekolah penerima program makan gratis prabowo presiden brasil luiz in cio lula da silva jakarta rabu 22 10 2025 sore pesawat membawa presiden lula rombongan terbatas mendarat lanud halim perdanakusuma 17 45 wib kedatangan presiden lula disambut langsung menteri pertanian andi amran sulaiman bandara kunjungan kenegaraan presiden lula dijadwalkan pertemuan bilateral presiden prabowo subianto istana merdeka jakarta kamis 23 10 2025 agenda pertemuan resmi presiden lula direncanakan meninjau pelaksanaan program makan bergizi gratis mbg salah sekolah jakarta dikonfirmasi menteri sekretaris negara mensesneg prasetyo hadi direncanakan presiden lula meninjau mbg sekolah lihat besok prasetyo istana negara jakarta rabu brasil dikenal salah negara menerapkan program makan gratis anak anak sekolah program kerap inspirasi presiden prabowo merancang kebijakan mbg indonesia,NETRAL,0.9,Tweet menyampaikan informasi faktual tentang kunjungan presiden Brasil dan program makan bergizi gratis tanpa mengekspresikan opini atau sentimen yang jelas.,NETRAL,0.85,"Tweet menyampaikan informasi faktual tentang kunjungan Presiden Brasil ke Indonesia dan rencana meninjau Program MBG. Konten berupa berita/laporan peristiwa dengan detail waktu, tempat, dan agenda tanpa mengekspresikan opini atau sentimen yang jelas terhadap program MBG itu sendiri."
1978601365468508205,https://x.com/HarapanUsiaEmas/status/1978601365468508205,"@DivHumas_Polri SPPG Polri Lampung? BUKAN SEKEDAR BAGUS, INI BOMBASTIS! 

Steril total, rinci gila, selaras program makan gratis Prabowo. Ombudsman bener: Ini teladan, bukan omong kosong! 

Daerah lain? Bangun atau tenggelam!",Wed Oct 15 23:18:20 +0000 2025,in,0,0,0,0,17,True,1.9779793244910182e+18,1977979324491018366,HarapanUsiaEmas,12,225,False,False,search,sppg polri lampung bukan sekedar bagus bombastis steril total rinci gila selaras program makan gratis prabowo ombudsman bener teladan bukan omong kosong daerah bangun tenggelam,NEGATIF,0.85,"Tweet mengandung kritik terhadap program dengan kata-kata seperti 'omong kosong' dan 'tenggelam', menunjukkan ketidakpuasan.",POSITIF,0.75,"Tweet menggunakan kata-kata positif seperti 'bagus', 'bener', 'teladan' dan mengasosiasikan Program Makan Gratis Prabowo dengan hal-hal positif. Meskipun struktur kalimat kompleks dan menggunakan slang, sentimen keseluruhan menunjukkan dukungan dan apresiasi terhadap program, dengan pujian terhadap implementasinya di daerah."
1976172332436828592,https://x.com/brandofebrio/status/1976172332436828592,"@ARSIPAJA Makanya jauh lebih penting sekolah gratis dprd makan gratis.
@prabowo @setkabgoid @KemensetnegRI @Gerindra @bang_dasco @PDI_Perjuangan @ganjarpranowo @DPR_RI @officialMKRI",Thu Oct 09 06:26:14 +0000 2025,in,0,0,0,0,26,True,1.976090233104933e+18,1976090233104933113,brandofebrio,67,181,False,False,search,sekolah gratis dprd makan gratis,NETRAL,0.9,Tweet menyampaikan informasi faktual tentang sekolah dan makan gratis tanpa mengekspresikan opini atau sentimen yang jelas.,NETRAL,0.85,"Tweet hanya menyampaikan informasi faktual tentang program gratis (sekolah dan makan) tanpa mengekspresikan opini, dukungan, atau kritik yang jelas. Tidak ada indikator sentimen positif atau negatif yang eksplisit."
1973508063589179914,https://x.com/yulian667192/status/1973508063589179914,Masih maubdilanjutkan? Bukankah konstitusi menyatakan bahwa rakyat itu haknya adalah mendapatkan pendidikan gratis bukan makan gratis @prabowo @DPR_RI @bgn,Wed Oct 01 21:59:23 +0000 2025,in,0,0,0,0,23,False,,1973508063589179914,yulian667192,206,155,False,False,search,maubdilanjutkan konstitusi rakyat haknya pendidikan gratis bukan makan gratis,NEGATIF,0.85,"Tweet ini mengungkapkan kritik terhadap fokus program pada makan gratis, menunjukkan ketidakpuasan terhadap prioritas pendidikan.",NEGATIF,0.85,"Tweet mengkritik Program MBG dengan menyatakan bahwa hak konstitusional rakyat adalah pendidikan gratis, bukan makan gratis. Ini mengindikasikan penolakan/keberatan terhadap prioritas program MBG dan menyiratkan bahwa program ini bukan prioritas yang tepat."
1973171440787792269,https://x.com/Lucageboyy/status/1973171440787792269,Mgp apa anying makan gratis prabowo.,Tue Sep 30 23:41:45 +0000 2025,in,0,0,1,0,1189,False,,1973171440787792269,Lucageboyy,62,36,False,False,search,mgp anying makan gratis prabowo,NETRAL,0.8,Tweet ini menyampaikan informasi tentang makan gratis tanpa ekspresi sentimen yang jelas.,NETRAL,0.65,"Tweet menggunakan bahasa gaul/slang ('anying') dan menyebutkan program makan gratis dengan nama pemerintah (Prabowo), namun tidak mengekspresikan sentimen yang jelas. Pernyataan bersifat faktual tanpa opini positif atau negatif yang eksplisit."
1972868376402997706,https://x.com/grok/status/1972868376402997706,"@9H0st66 @prabowo @DPR_RI Ya, seperti yang kita bahas sebelumnya, perencanaan matang krusial untuk hindari turbulensi. Kasus keracunan makanan di program makan gratis Prabowo memang jadi sorotan: ribuan siswa sakit, ada seruan hentikan sementara (sumber: Reuters, Antara). Pemerintah evaluasi & percepat implementasi (Setkab). Pengawasan vendor & DPR penting agar tujuan baik tercapai tanpa kelalaian. Bagaimana pendapatmu?",Tue Sep 30 03:37:29 +0000 2025,in,0,0,1,0,30,True,1.97286817375103e+18,1972868173751030108,grok,8503429,423,False,False,search,ya bahas perencanaan matang krusial hindari turbulensi keracunan makanan program makan gratis prabowo sorotan ribuan siswa sakit seruan hentikan sumber reuters pemerintah evaluasi percepat implementasi setkab pengawasan vendor dpr tujuan tercapai tanpa kelalaian pendapatmu,NEGATIF,0.85,"Tweet menyebutkan masalah keracunan makanan dan seruan untuk menghentikan program, menunjukkan kritik dan kekhawatiran terhadap pelaksanaan Program MBG.",NEGATIF,0.85,"Tweet mengandung kritik terhadap Program MBG dengan menyoroti masalah keracunan makanan, ribuan siswa sakit, dan seruan untuk menghentikan program. Meskipun juga menyebutkan evaluasi dan pengawasan, framing utama adalah problematik dan mengekspresikan kekhawatiran serius tentang keamanan pangan dan implementasi program yang bermasalah."
1972602510998380796,https://x.com/medicalsherry/status/1972602510998380796,"@alisyarief 1. MBG merupakan program prabowo
2. PKI menyusup membunuh anak2 dna menurunkan prabowo lewat makan gratis
.
.
.
.
.
.
.
Prabowo adalah PKI?????🤣🤣🤣",Mon Sep 29 10:01:02 +0000 2025,in,0,0,0,0,90,True,1.972207406437618e+18,1972207406437617858,medicalsherry,994,158,False,False,search,mbg program prabowo pki menyusup membunuh anak2 dna menurunkan prabowo makan gratis prabowo pki,NEGATIF,0.9,"Tweet mengandung kritik dan menyebutkan konspirasi negatif terkait program, menunjukkan ketidakpuasan.",NEGATIF,0.95,"Tweet mengandung tuduhan serius dan konspirasi terhadap Program MBG, menyebutkan 'membunuh anak-anak', 'DNA', dan mengaitkan dengan PKI. Menggunakan bahasa yang sangat kritis dan penuh kekhawatiran/ketakutan terhadap program, menunjukkan penolakan dan kecurigaan yang kuat."
2006091953461711142,https://x.com/Ales23160030/status/2006091953461711142,@SumandoGaek Yaa pak udah tua jadi banyak dosaa pak malah banyak omon omon kalo udah jadi program makan gratis doank wkwkw buat anak SD lagi,Tue Dec 30 19:56:07 +0000 2025,in,0,0,0,0,9,True,2.005392060287693e+18,2005392060287693116,Ales23160030,9,140,False,False,search,yaa tua dosaa omon omon program makan gratis doank wkwkw anak sd,NETRAL,0.8,Tweet ini menyampaikan informasi tentang program makan gratis tanpa ekspresi dukungan atau kritik yang jelas.,NEGATIF,0.75,"Tweet menggunakan bahasa gaul/slang yang merendahkan program MBG dengan frasa 'tua dosa' dan 'doank' (hanya), serta nada sarkastis yang ditunjukkan dengan 'wkwkw'. Meskipun menggunakan humor, tweet ini mengekspresikan kekecewaan/kritik terhadap program yang dianggap tidak cukup atau tidak bermakna."
2005843608671330707,https://x.com/khionesaoirse/status/2005843608671330707,Kan emang dongo. Milih makan gratis karena instead of milih hidup baik yg bisa bikin mereka makan lebih enak dan bergizi dibanding program makan gratis,Tue Dec 30 03:29:17 +0000 2025,in,0,0,0,0,96,False,,2005843608671330707,khionesaoirse,124,151,False,False,search,emang dongo milih makan gratis instead of milih hidup bikin makan enak bergizi dibanding program makan gratis,NEGATIF,0.9,"Tweet ini mengungkapkan kritik terhadap pilihan program makan gratis, menunjukkan ketidakpuasan dan penolakan terhadapnya.",NEGATIF,0.85,"Tweet menggunakan kata 'dongo' (bodoh) untuk mengkritik pilihan makan gratis, menyiratkan program MBG tidak efektif dan lebih baik membuat makanan sendiri yang bergizi. Terdapat penolakan implisit terhadap program dengan perbandingan negatif."
2005521038311141527,https://x.com/siviahelda/status/2005521038311141527,"@ndlwrn @hammsqi Apapun wadahnya, yang penting program makan gratis ini tetap sampai ke tangan siswa. Salut buat Kerja Nyata pemerintah yang konsisten. #LanjutkanMBG",Mon Dec 29 06:07:30 +0000 2025,in,0,0,0,0,27,True,2.0054709850222838e+18,2005256743048376603,siviahelda,54,165,False,False,search,apapun wadahnya program makan gratis tangan siswa salut kerja nyata pemerintah konsisten,POSITIF,0.9,Tweet mengekspresikan dukungan dan apresiasi terhadap program makan gratis dengan menyebutkan 'salut' dan 'kerja nyata pemerintah'.,POSITIF,0.92,"Tweet mengekspresikan apresiasi dan dukungan terhadap Program MBG dengan kata-kata positif seperti 'salut', 'kerja nyata', dan 'konsisten'. Penulis memuji komitmen pemerintah dalam mengimplementasikan program tersebut tanpa kritik atau kekhawatiran."
2005206983516082632,https://x.com/jinseinomerodi/status/2005206983516082632,"@YOO_chanyeol ⠀⠀Mendekat, lalu bisik-bisik. ""Itu tuh... yang punya program makan gratis...""",Sun Dec 28 09:19:34 +0000 2025,in,0,0,1,0,81,True,2.0033911371309059e+18,2001876874415477093,jinseinomerodi,160,91,False,False,search,mendekat bisik bisik program makan gratis,NETRAL,0.8,Tweet menyampaikan informasi tentang program makan gratis tanpa mengekspresikan opini atau sentimen yang jelas.,NETRAL,0.75,Tweet hanya menyampaikan informasi faktual tentang program makan gratis tanpa mengekspresikan opini atau sentimen yang jelas. Frasa 'mendekat bisik bisik' menunjukkan penyebaran informasi/rumor tetapi tidak mengandung indikator sentimen positif atau negatif yang eksplisit.
2004969419575845098,https://x.com/grok/status/2004969419575845098,"@aristo_bharata @indepenSumatera Saya analisa cuitan di X sejak Okt 2025: Banyak kritik soal ekonomi lambat, protes, & pengaruh militer (misal dari TrendAsia_Org, jatamnas), tapi ada pujian atas pertumbuhan GDP 5% & program makan gratis (dari prabowo resmi). Bandingkan dgn survei terkini (Nov-Des 2025) dari Indikator & Reuters: approval 77-78%, meski ada penurunan krn isu ekonomi. Sebagai AI, saya andalkan data beragam; opini publik memang variatif. Kamu pikir gimana?",Sat Dec 27 17:35:34 +0000 2025,in,0,0,1,0,34,True,2.0049691454448192e+18,2004865327457521980,grok,8503429,472,False,False,search,analisa cuitan okt 2025 kritik ekonomi lambat protes pengaruh militer trendasia org jatamnas pujian pertumbuhan gdp program makan gratis prabowo resmi bandingkan survei terkini nov des 2025 indikator reuters approval 77 78 penurunan isu ekonomi ai andalkan data beragam opini publik variatif pikir,NETRAL,0.85,Tweet menyampaikan informasi faktual dan analisis tanpa mengekspresikan opini sentimen yang jelas.,NETRAL,0.85,"Tweet ini adalah kumpulan topik/keyword yang bersifat informatif dan faktual tanpa mengekspresikan sentimen yang jelas terhadap Program MBG. Meskipun menyebutkan 'program makan gratis', konteks keseluruhan adalah analisis data, survei, dan indikator ekonomi yang bersifat deskriptif. Tidak ada ekspresi dukungan, kritik, atau opini yang dominan terhadap program tersebut."
2004900903959060976,https://x.com/grok/status/2004900903959060976,"@Mohamma43717442 @FaGtng Beberapa bukti nyata dari tahun pertama Prabowo sebagai presiden Indonesia, berdasarkan sumber beragam:

Positif: Kemajuan diplomasi dengan 15 kunjungan ke 24 negara, pertemuan pemimpin global, dan peran aktif di PBB mendukung Palestina (Antara News).

Program makan gratis untuk anak sekolah diluncurkan, tapi hadapi tantangan seperti keracunan makanan massal (9.000 kasus) dan protes atas biaya hidup (BBC).

Ekonomi: Pertumbuhan GDP 5%, tapi FDI turun dan demonstrasi kritik ketidaksetaraan (The Diplomat).

Untuk detail, cek sumber resmi.",Sat Dec 27 13:03:19 +0000 2025,in,0,0,1,0,73,True,2.0049005478293998e+18,2004843750137438598,grok,8503429,567,False,False,search,bukti nyata prabowo presiden indonesia berdasarkan sumber beragam positif kemajuan diplomasi 15 kunjungan 24 negara pertemuan pemimpin global peran aktif pbb mendukung palestina news program makan gratis anak sekolah diluncurkan hadapi tantangan keracunan makanan massal 000 protes biaya hidup bbc ekonomi pertumbuhan gdp fdi turun demonstrasi kritik ketidaksetaraan the diplomat detail cek sumber resmi,NETRAL,0.85,Tweet menyampaikan informasi faktual tentang program dan situasi ekonomi tanpa mengekspresikan opini sentimen yang jelas.,NETRAL,0.6,parsed from text
2004751219114512713,https://x.com/barisansopan/status/2004751219114512713,"Lonjakan besar MBG selama 2025 bukan sekadar program makan gratis. Ini langkah nyata negara mengurangi kesenjangan gizi, memastikan semua anak punya kesempatan tumbuh sehat dan cerdas. Investasi masa depan bangsa dimulai dari sekolah https://t.co/0ZJYmSdD6W",Sat Dec 27 03:08:31 +0000 2025,in,0,0,0,0,31,False,,2004751219114512713,barisansopan,7116,257,False,False,search,lonjakan mbg 2025 bukan program makan gratis langkah nyata negara mengurangi kesenjangan gizi anak kesempatan tumbuh sehat cerdas investasi bangsa sekolah,NETRAL,0.85,Tweet menyampaikan informasi tentang Program MBG tanpa mengekspresikan opini positif atau negatif yang jelas.,POSITIF,0.85,Tweet mengekspresikan dukungan dan apresiasi terhadap Program MBG 2025 dengan menyebutnya sebagai 'langkah nyata' dan 'investasi bangsa'. Frasa 'kesempatan tumbuh sehat cerdas' menunjukkan optimisme dan harapan positif terhadap program. Tidak ada indikator kritik atau keluhan.
2004703990869565694,https://x.com/grok/status/2004703990869565694,"@wibisonoys @ekowboy2 @VIRGO1409271346 @prabowo @Gerindra Terima kasih telah berbagi metafora ini. Peribahasa Turki itu sering digunakan untuk mengkritik kepemimpinan yang dianggap membawa kekacauan. Dalam presidensi Prabowo 2025, ada pencapaian seperti program makan gratis dan diplomasi aktif, tapi juga kritik soal kemunduran demokrasi dan protes kebijakan. Pandangan beragam; apa pendapatmu lebih lanjut?",Sat Dec 27 00:00:51 +0000 2025,in,0,0,1,0,41,True,2.0047037087609654e+18,2004030193263169742,grok,8503429,408,False,False,search,terima kasih berbagi metafora peribahasa turki mengkritik kepemimpinan dianggap membawa kekacauan presidensi prabowo 2025 pencapaian program makan gratis diplomasi aktif kritik kemunduran demokrasi protes kebijakan pandangan beragam pendapatmu,NETRAL,0.85,Tweet menyampaikan informasi dan kritik tanpa ekspresi dukungan atau penolakan yang jelas terhadap Program MBG.,NETRAL,0.6,parsed from text
2004564835422597343,https://x.com/Hidayatcahyo2/status/2004564835422597343,"@aldi_mhmmmd Anak bangsa tetap sehat di bulan suci, program makan gratis hadir dengan cara yang lebih fleksibel",Fri Dec 26 14:47:54 +0000 2025,in,0,0,0,0,2,True,2.0044252134430313e+18,2004425213443031216,Hidayatcahyo2,124,111,False,False,search,anak bangsa sehat suci program makan gratis hadir fleksibel,POSITIF,0.85,Tweet mengekspresikan dukungan terhadap program makan gratis dengan kata-kata positif seperti 'sehat' dan 'hadir'.,POSITIF,0.85,Tweet menggunakan frasa positif 'anak bangsa sehat suci' dan 'hadir fleksibel' yang menunjukkan apresiasi terhadap Program MBG. Kata 'sehat' dan 'suci' mengindikasikan dukungan dan optimisme terhadap program tersebut.
2004532332573638781,https://x.com/grok/status/2004532332573638781,"@maw8885 @AnakLolina2 Berdasarkan analisis sumber beragam, Prabowo telah merealisasikan sebagian janji seperti program makan gratis yang menjangkau 44 juta penerima dan upaya pertumbuhan ekonomi 8%. Namun, ada kritik atas ketidakkonsistenan, seperti pemotongan anggaran yang mengganggu layanan, gejolak pasar, dan kebijakan lingkungan yang berisiko. Secara keseluruhan, tindakannya campur aduk dengan kemajuan dan tantangan.",Fri Dec 26 12:38:45 +0000 2025,in,0,0,1,0,33,True,2.0045320583964923e+18,2004376358915571848,grok,8503429,424,False,False,search,berdasarkan analisis sumber beragam prabowo merealisasikan janji program makan gratis menjangkau 44 juta penerima upaya pertumbuhan ekonomi kritik ketidakkonsistenan pemotongan anggaran mengganggu layanan gejolak pasar kebijakan lingkungan berisiko tindakannya campur aduk kemajuan tantangan,NETRAL,0.85,Tweet menyampaikan informasi faktual tentang program tanpa mengekspresikan opini positif atau negatif yang jelas.,NETRAL,0.85,"Tweet menyampaikan informasi faktual tentang Program MBG (44 juta penerima, realisasi janji) namun juga menyebutkan kritik (ketidakkonsistenan, pemotongan anggaran, risiko kebijakan) tanpa mengambil stance yang jelas. Struktur balanced statement pro-kontra tanpa opini sentimen yang dominan membuat ini termasuk NETRAL."
2004528523403505772,https://x.com/fahmi_hmka5/status/2004528523403505772,"@aldi_mhmmmd Makanan sehat di bulan puasa tetap jadi prioritas, program makan gratis dari Badan Gizi Nasional jalan terus",Fri Dec 26 12:23:36 +0000 2025,in,0,0,0,0,5,True,2.0044252134430313e+18,2004425213443031216,fahmi_hmka5,0,121,False,False,search,makanan sehat puasa prioritas program makan gratis badan gizi nasional jalan,NETRAL,0.85,Tweet menyampaikan informasi faktual tentang program makan gratis tanpa mengekspresikan opini atau sentimen yang jelas.,NETRAL,0.85,"Tweet menyampaikan informasi faktual tentang program makan gratis dan prioritas gizi tanpa mengekspresikan opini sentimen yang jelas. Tidak ada indikator positif (apresiasi, dukungan) atau negatif (kritik, keluhan). Struktur kalimat terputus-putus menunjukkan penyampaian informasi berita."
2004525918510080400,https://x.com/rangga_yudi8/status/2004525918510080400,"@aldi_mhmmmd Ramadhan penuh berkah, program makan gratis siap dukung nutrisi anak bangsa lewat distribusi yang bisa dibawa pulang",Fri Dec 26 12:13:15 +0000 2025,in,0,0,0,0,4,True,2.0044252134430313e+18,2004425213443031216,rangga_yudi8,0,129,False,False,search,ramadhan penuh berkah program makan gratis dukung nutrisi anak bangsa distribusi dibawa pulang,POSITIF,0.9,Tweet mengekspresikan dukungan terhadap program makan gratis dan menyebutkan aspek positif seperti 'berkah' dan 'nutrisi anak bangsa'.,POSITIF,0.85,"Tweet mengekspresikan dukungan dan apresiasi terhadap Program MBG dengan kata-kata positif seperti 'penuh berkah', 'dukung', dan menyoroti manfaat nyata untuk nutrisi anak. Konteks Ramadhan menambah sentimen positif. Tidak ada kritik atau keluhan dalam tweet."
2004498265971323365,https://x.com/rafli_rama200/status/2004498265971323365,@aldi_mhmmmd Makin praktis dapat makanan sehat selama Ramadhan karena program makan gratis dari Badan Gizi Nasional tetap running,Fri Dec 26 10:23:23 +0000 2025,in,0,0,0,0,8,True,2.0044252134430313e+18,2004425213443031216,rafli_rama200,0,129,False,False,search,praktis makanan sehat ramadhan program makan gratis badan gizi nasional running,NETRAL,0.9,Tweet menyampaikan informasi faktual tentang program tanpa mengekspresikan opini atau sentimen yang jelas.,POSITIF,0.75,"Tweet menggunakan kata 'praktis' dan 'sehat' yang menunjukkan apresiasi terhadap kemudahan dan manfaat Program Makan Bergizi Gratis. Meskipun tweet lebih informatif, tone-nya cenderung positif dengan menyoroti aspek praktis dan kesehatan dari program."
2004487938953069022,https://x.com/danill_zakaria/status/2004487938953069022,@aldi_mhmmmd Program makan gratis hadir temani puasa anak-anak tanpa ganggu khusyuk ibadah mereka,Fri Dec 26 09:42:20 +0000 2025,in,0,0,0,0,7,True,2.0044252134430313e+18,2004425213443031216,danill_zakaria,0,97,False,False,search,program makan gratis hadir temani puasa anak anak tanpa ganggu khusyuk ibadah,POSITIF,0.9,"Tweet mengekspresikan dukungan terhadap program makan gratis yang tidak mengganggu ibadah, menunjukkan apresiasi.",POSITIF,0.85,Tweet mengekspresikan apresiasi terhadap Program MBG dengan menyebutkan manfaatnya (menemani anak-anak saat puasa) dan aspek positif (tidak mengganggu khusyuk ibadah). Nada keseluruhan mendukung dan menghargai program.
2004487867775733971,https://x.com/aldi_mhmmmd/status/2004487867775733971,"Asupan nutrisi anak bangsa tetap terjaga, puasa makin khusyuk dengan program makan gratis yang mudah dibawa pulang",Fri Dec 26 09:42:03 +0000 2025,in,0,0,0,0,57,True,2.0044252134430313e+18,2004425213443031216,aldi_mhmmmd,136,114,False,False,search,asupan nutrisi anak bangsa terjaga puasa khusyuk program makan gratis mudah dibawa pulang,POSITIF,0.9,Tweet mengekspresikan dukungan terhadap program makan gratis dengan menyebutkan manfaatnya untuk asupan nutrisi anak.,POSITIF,0.92,"Tweet mengekspresikan apresiasi dan kepuasan terhadap Program MBG dengan menyebutkan manfaat positif: terjaganya nutrisi anak, kemudahan program, dan kepraktisan (mudah dibawa pulang). Tidak ada indikator kritik atau keluhan."
2004473022825296003,https://x.com/fiko_sbstn/status/2004473022825296003,"@aldi_mhmmmd Semangat hidup sehat nggak berhenti meski puasa, program makan gratis dari Badan Gizi Nasional tetap lanjut",Fri Dec 26 08:43:04 +0000 2025,in,0,0,0,0,1,True,2.0044252134430313e+18,2004425213443031216,fiko_sbstn,0,120,False,False,search,semangat hidup sehat berhenti puasa program makan gratis badan gizi nasional,NETRAL,0.8,Tweet menyampaikan informasi tentang program makan gratis dan kesehatan tanpa mengekspresikan opini positif atau negatif yang jelas.,POSITIF,0.6,parsed from text
2004256599062598085,https://x.com/Hidayatcahyo2/status/2004256599062598085,"@amarylis_heduu Meskipun sekolah libur, perhatian gizi anak gak libur juga, program makan gratis konsisten hadir buat jutaan anak Indonesia",Thu Dec 25 18:23:05 +0000 2025,in,0,0,0,0,10,True,2.0040575376422218e+18,2004057537642221938,Hidayatcahyo2,124,139,False,False,search,sekolah libur perhatian gizi anak libur program makan gratis konsisten hadir jutaan anak indonesia,NETRAL,0.85,Tweet menyampaikan informasi faktual tentang program makan gratis dan situasi sekolah libur tanpa mengekspresikan opini atau sentimen yang jelas.,POSITIF,0.85,Tweet mengekspresikan apresiasi terhadap konsistensi Program MBG dalam memperhatikan gizi anak Indonesia selama libur sekolah. Frasa 'konsisten hadir' dan fokus pada 'jutaan anak Indonesia' menunjukkan dukungan dan pengakuan positif terhadap program.
2005996352606490675,https://x.com/grok/status/2005996352606490675,"@wibisonoys @BosPurwa @KPK_RI @mbg @prabowo @gibran_tweet Terima kasih atas catatanmu soal akuntabilitas & hukum sebab akibat. Berdasarkan update Des 2025 (sumber: Kompas, BBC, DW, ICW), kritik korupsi rezim Prabowo-Gibran mencakup kasus rehabilitasi & risiko di program seperti MBG, meski pemerintah klaim perkuat KPK & audit. Soal bencana (banjir Sumatera dll), penyebab utama iklim ekstrem & deforestasi (BNPB, 3.160 kejadian 2025), dengan respons evakuasi cepat tapi kritik lambat bantu. Yuk bahas fakta lebih lanjut!",Tue Dec 30 13:36:14 +0000 2025,in,0,0,0,0,102,True,2.0059961102557391e+18,2005940623065637036,grok,8503428,521,False,False,search,terima kasih catatanmu akuntabilitas hukum akibat berdasarkan update des 2025 sumber kompas bbc dw icw kritik korupsi rezim prabowo gibran mencakup rehabilitasi risiko program mbg pemerintah klaim perkuat kpk audit bencana banjir sumatera dll penyebab utama iklim ekstrem deforestasi bnpb 160 kejadian 2025 respons evakuasi cepat kritik lambat bantu yuk bahas fakta,NEGATIF,0.85,"Tweet mengandung kritik terhadap korupsi dan menyebutkan masalah terkait program MBG, menunjukkan sentimen negatif.",NETRAL,0.6,parsed from text
2005994141562327175,https://x.com/grok/status/2005994141562327175,"@wibisonoys @BosPurwa @KPK_RI @mbg @prabowo @gibran_tweet Terima kasih atas dedikasinya dan berbagi latar belakangmu sebagai politisi berpengalaman di Sekber JK, Golkar, Berkarya Jatim, dll. Intuisi dari pengalaman itu valid untuk diskusi. Soal kritik rezim & MBG, update Des 2025 (sumber: DW, CELIOS, Kompas, ICW) catat pro-kontra: risiko korupsi & pemborosan, tapi pemerintah klaim perbaiki via audit & capai 55 juta penerima. Yuk bahas data lebih detail!",Tue Dec 30 13:27:27 +0000 2025,in,0,0,1,0,117,True,2.0059938747335885e+18,2005940623065637036,grok,8503428,457,False,False,search,terima kasih dedikasinya berbagi latar belakangmu politisi berpengalaman sekber jk golkar berkarya jatim dll intuisi pengalaman valid diskusi kritik rezim mbg update des 2025 sumber dw celios kompas icw catat pro kontra risiko korupsi pemborosan pemerintah klaim perbaiki audit capai 55 juta penerima yuk bahas data detail,NETRAL,0.85,Tweet menyampaikan informasi faktual dan analisis tentang Program MBG tanpa mengekspresikan opini positif atau negatif yang jelas.,NETRAL,0.6,parsed from text
2005992464293748945,https://x.com/grok/status/2005992464293748945,"@wibisonoys @BosPurwa @KPK_RI @mbg @prabowo @gibran_tweet Terima kasih atas catatanmu soal hukum sebab akibat. Putusan MK 90/2023 memang kontroversial: MKMK temukan pelanggaran etik berat Anwar Usman (sumber: MKRI, BBC, Kompas, 2023), termasuk tudingan nepotisme. Kritik sebut ""Mahkamah Keluarga"" & pengaruh politik. Pemerintah klaim putusan sah. Prediksi NKRI bubar spekulatif, yuk bahas fakta lebih lanjut!",Tue Dec 30 13:20:47 +0000 2025,in,0,0,1,0,90,True,2.0059922229411433e+18,2005940623065637036,grok,8503428,408,False,False,search,terima kasih catatanmu hukum akibat putusan mk 90 2023 kontroversial mkmk temukan pelanggaran etik berat anwar usman sumber mkri bbc kompas 2023 tudingan nepotisme kritik mahkamah keluarga pengaruh politik pemerintah klaim putusan sah prediksi nkri bubar spekulatif yuk bahas fakta,NETRAL,0.85,Tweet menyampaikan informasi faktual dan analisis mengenai putusan MK tanpa mengekspresikan opini sentimen yang jelas.,NETRAL,0.6,parsed from text
2005991402824520078,https://x.com/grok/status/2005991402824520078,"@wibisonoys @BosPurwa @KPK_RI @mbg @prabowo @gibran_tweet Terima kasih atas pendapatmu. Putusan MK 90/2023 kontroversial, dengan dissenting opinions dari hakim soal prosedur & inkonsistensi (sumber: MKRI), Anwar Usman sebagai ketua saat itu dinyatakan melanggar etik oleh MKMK. Kritik korupsi rezim Prabowo-Gibran dari ICW catat kurang aksi tegas di 100 hari (2025), meski proyeksi penguatan KPK & pencegahan. Pemerintah klaim komitmen antikorupsi. Yuk bahas data lebih detail!",Tue Dec 30 13:16:34 +0000 2025,in,0,0,1,0,102,True,2.0059910420642e+18,2005940623065637036,grok,8503428,477,False,False,search,terima kasih pendapatmu putusan mk 90 2023 kontroversial dissenting opinions hakim prosedur inkonsistensi sumber mkri anwar usman ketua dinyatakan melanggar etik mkmk kritik korupsi rezim prabowo gibran icw catat aksi 100 2025 proyeksi penguatan kpk pencegahan pemerintah klaim komitmen antikorupsi yuk bahas data detail,NETRAL,0.85,Tweet menyampaikan informasi faktual dan analisis tanpa mengekspresikan opini sentimen yang jelas.,NETRAL,0.6,parsed from text
2005957286334701963,https://x.com/bjirsusah/status/2005957286334701963,"yang mau gofood atau grabfood murce aku jual voucher 60% minbel 50k potongan up to 30k + diskon pengantaran 10k fee 4k boleh cek resto dulu🥰

#zonauang #zonaba #zonajajan #KengNamping #KengNampingxICONSIAM Osaka Gamba Salma Salsabil DTSEN Ratchaburi Minuman Rasa Susu MBG Prabowo",Tue Dec 30 11:01:00 +0000 2025,in,0,0,0,0,323,False,,2005957286334701963,bjirsusah,29,279,False,False,search,gofood grabfood murce jual voucher 60 minbel 50k potongan up to 30k diskon pengantaran 10k fee 4k cek resto osaka gamba salma salsabil dtsen ratchaburi minuman susu mbg prabowo,NETRAL,0.9,Tweet ini menyampaikan informasi tentang promo dan diskon tanpa mengekspresikan opini atau sentimen yang jelas.,NETRAL,0.85,"Tweet berisi informasi faktual tentang promo voucher food delivery dan penawaran diskon tanpa mengekspresikan opini atau sentimen yang jelas terhadap Program MBG. Meskipun menyebutkan 'mbg', konteks utama adalah promosi komersial, bukan evaluasi terhadap program pemerintah."
2005837496530112564,https://x.com/RanikaAnanda/status/2005837496530112564,"Program Makan Bergizi Gratis tetap berjalan di masa libur sekolah, dominan menu yang diberikan untuk penerima manfaat adalah menu keringan dalam kemasan.
Keberlanjutan dan konsistensi pemenuhan kebutuhan gizi bagi penerima manfaat, menjadi hal prioritas pelaksanaan MBG.
@prabowo https://t.co/4NEWvs7C2l",Tue Dec 30 03:05:00 +0000 2025,in,0,0,0,0,111,False,,2005837496530112564,RanikaAnanda,1685,303,False,False,search,program makan bergizi gratis berjalan libur sekolah dominan menu penerima manfaat menu keringan kemasan keberlanjutan konsistensi pemenuhan kebutuhan gizi penerima manfaat prioritas pelaksanaan mbg,NETRAL,0.9,Tweet menyampaikan informasi faktual tentang program tanpa mengekspresikan opini atau sentimen yang jelas.,NETRAL,0.85,"Tweet menyampaikan informasi faktual tentang aspek-aspek teknis Program MBG (jadwal libur sekolah, menu, kemasan, keberlanjutan, gizi) tanpa mengekspresikan opini sentimen yang jelas. Tidak ada kata-kata yang menunjukkan dukungan, kritik, atau emosi terhadap program."
2005653573074665600,https://x.com/katsubutitin/status/2005653573074665600,everytime i listen to hindia's love songs kenapaninget nya taegyu ya akunsedih nmbgt tolong kasih mbg @prabowo,Mon Dec 29 14:54:09 +0000 2025,in,0,0,0,0,87,False,,2005653573074665600,katsubutitin,68,110,False,False,search,everytime listen to hindia love songs kenapaninget taegyu ya akunsedih nmbgt tolong kasih mbg,NETRAL,0.8,Tweet ini menyampaikan perasaan pribadi tanpa menyatakan dukungan atau kritik terhadap Program MBG.,NETRAL,0.75,"Tweet ini adalah percakapan personal tentang lagu dan perasaan pengguna terhadap artis, bukan tentang Program Makan Bergizi Gratis (MBG). Meskipun kata 'mbg' muncul di akhir, konteksnya adalah slang/singkatan untuk 'membuat banget' (very much), bukan referensi ke program pemerintah. Tidak ada sentimen yang jelas terhadap Program MBG."
2005573327734386782,https://x.com/lamourdemovie/status/2005573327734386782,@stafftetap gpp yi mengingat masa depan gw juga dihantui oleh mbg prabowo,Mon Dec 29 09:35:17 +0000 2025,in,0,0,1,0,60,True,2.0055730658503764e+18,2005571591942676765,lamourdemovie,90,73,False,False,search,gpp yi dihantui mbg prabowo,NETRAL,0.8,"Tweet ini tidak mengandung opini sentimen yang jelas, lebih bersifat pernyataan yang ambigu.",NEGATIF,0.75,"Tweet menggunakan kata 'dihantui' yang bermakna negatif, menunjukkan kekhawatiran atau masalah terhadap Program MBG di era Prabowo. Frasa 'gpp yi' (gapapa) menunjukkan nada sarkastis/pasrah terhadap situasi yang dianggap bermasalah."
2005559283229045074,https://x.com/BarbBroBro/status/2005559283229045074,"Dukung program MBG untuk kesejahteraan anak Indonesia. Anak sehat, masa depan Indonesia cerah!! #MBG #Prabowo https://t.co/8pTXMie39O",Mon Dec 29 08:39:29 +0000 2025,in,0,0,0,0,30,False,,2005559283229045074,BarbBroBro,70,133,False,False,search,dukung program mbg kesejahteraan anak indonesia anak sehat indonesia cerah,POSITIF,0.9,Tweet mengekspresikan dukungan terhadap program MBG dengan kata 'dukung' dan menyiratkan harapan untuk kesejahteraan anak.,POSITIF,0.95,"Tweet menggunakan kata 'dukung' yang menunjukkan dukungan eksplisit terhadap Program MBG. Frasa 'kesejahteraan anak', 'anak sehat', dan 'indonesia cerah' mengekspresikan optimisme dan harapan positif terhadap program tersebut."
2005544551696764990,https://x.com/one_peace79/status/2005544551696764990,"Program MBG Prabowo ikuti Anies ?
https://t.co/uYqretvf7i",Mon Dec 29 07:40:56 +0000 2025,in,0,0,0,0,26,False,,2005544551696764990,one_peace79,5,57,True,False,search,program mbg prabowo ikuti anies,NETRAL,0.9,Tweet menyampaikan informasi faktual tanpa opini atau sentimen yang jelas.,NETRAL,0.85,"Tweet hanya menyampaikan informasi faktual bahwa program MBG diikuti oleh Prabowo dan Anies, tanpa mengekspresikan opini, kritik, atau dukungan yang jelas terhadap program tersebut."
2005520694680117697,https://x.com/one_peace79/status/2005520694680117697,@fikri40115 @xendless_s Yg punya program MBG Prabowo,Mon Dec 29 06:06:09 +0000 2025,in,3,0,0,0,126,True,2.0052257437234342e+18,2005196247175692797,one_peace79,5,52,False,False,search,program mbg prabowo,NETRAL,0.9,Tweet hanya menyebutkan nama program tanpa menyatakan opini atau sentimen yang jelas.,NETRAL,0.95,"Tweet hanya menyebutkan nama program dan nama tokoh tanpa mengekspresikan opini, dukungan, atau kritik yang jelas. Merupakan pernyataan faktual sederhana tanpa sentimen yang teridentifikasi."
2005292150104182870,https://x.com/grok/status/2005292150104182870,"@rizal_septyan @baseconvo Menurut ahli gizi, gizi utamanya di buah seperti jeruk (vitamin C), apel (serat), susu Frisian Flag (kalsium, omega-3 untuk otak), Yakult (probiotik), dan Sari Gandum (serat gandum). Tapi camilan seperti Apetito dan donat lebih banyak kalori kosong. Program MBG Prabowo fokus nutrisi lengkap buat anak-anak, jadi ini mungkin contoh awal. Tetap seimbang ya! 😊",Sun Dec 28 14:57:59 +0000 2025,in,0,0,0,0,170,True,2.0052918462984522e+18,2005209638103400493,grok,8503428,384,False,False,search,ahli gizi gizi utamanya buah jeruk vitamin apel serat susu frisian flag kalsium omega otak yakult probiotik sari gandum serat gandum camilan apetito donat kalori kosong program mbg prabowo fokus nutrisi lengkap anak anak contoh seimbang ya,NETRAL,0.9,Tweet ini menyampaikan informasi faktual tentang nutrisi dan program MBG tanpa mengekspresikan opini atau sentimen yang jelas.,POSITIF,0.6,parsed from text
2005180508494557336,https://x.com/embersobat/status/2005180508494557336,@KuntoAjiW bare minimum ya Allah :( MANA Standar Internasional BUAT MBG ?? @prabowo @bang_dasco,Sun Dec 28 07:34:22 +0000 2025,in,1,0,0,0,3550,True,2.0051725341160576e+18,2005172534116057512,embersobat,57,95,False,False,search,bare minimum ya allah standar internasional mbg,NEGATIF,0.85,Menggunakan frasa 'bare minimum' menunjukkan ketidakpuasan dan kritik terhadap standar Program MBG.,NEGATIF,0.85,Tweet mengekspresikan kritik terhadap Program MBG dengan menyebut 'bare minimum' (standar minimal/rendah) dan membandingkannya dengan 'standar internasional'. Penggunaan 'ya allah' menunjukkan frustrasi/kekhawatiran bahwa program ini tidak memenuhi ekspektasi standar yang seharusnya. Sentimen mengandung keluhan dan ketidakpuasan.
2005169582223552851,https://x.com/R4denB0t/status/2005169582223552851,"@xendless_s Mana penegak hukum kita, kok ormas sekarang makin menjadi-jadi belum lagi anak genk motor yg suka main begal. Mestinya polri itu dikasih kerjaan khusus untuk keamanan biar fokus bukan ada kerjaan tambahan kayak MBG. @prabowo @ListyoSigitP @DivHumas_Polri",Sun Dec 28 06:50:57 +0000 2025,in,10,2,4,0,5015,True,2.0050708874821757e+18,2005070887482175780,R4denB0t,624,266,False,False,search,penegak hukum ormas belum anak genk motor suka main begal mestinya polri dikasih kerjaan khusus keamanan biar fokus bukan kerjaan tambahan kayak mbg,NEGATIF,0.85,"Tweet ini mengungkapkan kritik terhadap penegakan hukum dan menyiratkan bahwa Program MBG bukanlah prioritas yang tepat, menunjukkan ketidakpuasan.",NEGATIF,0.85,Tweet mengkritik Program MBG sebagai 'pekerjaan tambahan' yang tidak fokus bagi Polri. Penulis menyatakan bahwa Polri seharusnya fokus pada keamanan (menangani genk motor/begal) daripada ditugasi Program MBG. Framing MBG sebagai beban kerja tambahan yang tidak seharusnya menunjukkan sentimen negatif terhadap program.
2005167008628048003,https://x.com/cutestgirlyy_/status/2005167008628048003,"Aktivasi Spaylater untuk dapat bonus 40rb koin shopee kalau pake kode referral dari aku: 

SPL2110982413530122267 

reward 20k lagi buat pembelian pertama pake spaylater

t. info diskon promo freelance minggu unwrap semangat sobat polri basmi korupsi mbg prabowo https://t.co/KxT4oe5HQb",Sun Dec 28 06:40:43 +0000 2025,in,2,0,0,0,153,False,,2005167008628048003,cutestgirlyy_,12,286,False,False,search,aktivasi spaylater bonus 40rb koin shopee pake kode referral spl2110982413530122267 reward 20k pembelian pake spaylater info diskon promo freelance minggu unwrap semangat sobat polri basmi korupsi mbg prabowo,NETRAL,0.9,Tweet ini menyampaikan informasi tentang aktivasi dan promo tanpa mengekspresikan opini atau sentimen yang jelas terhadap Program MBG.,NETRAL,0.85,"Tweet ini adalah spam/promotional content yang mencampur berbagai topik (promo Shopee, kode referral, diskon, dan MBG). Meskipun menyebutkan 'MBG' dan 'basmi korupsi', konteks utama adalah promosi komersial tanpa mengekspresikan sentimen yang jelas terhadap Program MBG. Tidak ada opini, kritik, atau dukungan eksplisit tentang program tersebut."
2005152186196734279,https://x.com/SotoAyam1970/status/2005152186196734279,@GunRomli wwkwwkwkwkwkwkwkwkk..dewan pakar mBG punya dapur MBG?@prabowo @KemensetnegRI @gerindra @korantempo @BocorAlusPol @kumparan @NarasiNewsroom @officialinews_,Sun Dec 28 05:41:49 +0000 2025,in,1,1,1,0,127,True,2.0050642173057764e+18,2005064217305776323,SotoAyam1970,173,164,False,False,search,wwkwwkwkwkwkwkwkwkk dewan pakar mbg dapur mbg,NETRAL,0.9,"Tweet ini tidak mengandung opini sentimen yang jelas, hanya menyampaikan informasi yang tidak spesifik.",NETRAL,0.85,Tweet hanya berisi tawa/tertawa (wwkwwkwkwkwkwkwkwkk) dan penyebutan nama/istilah 'dewan pakar mbg' dan 'dapur mbg' tanpa mengekspresikan opini atau sentimen yang jelas terhadap Program MBG. Tidak ada indikator positif maupun negatif yang signifikan.
2006027626268311714,https://x.com/auroralace/status/2006027626268311714,"@errrrynsyh @icecoldnovember mjb kak, beda beda ga semua sekolah susunya kayak yg di gambar tgtg SPPGnya.  awal² MBG sekolah adikku susunya pake ultramilk/ ultramimi biru yg pake 100% susu sapi murni konsisten selama satu tahun. tp udh bbrp bulan ini susunya diganti yg ada campuran gulanya",Tue Dec 30 15:40:30 +0000 2025,in,0,0,0,0,79,True,2.0059290917117875e+18,2005885624608514249,auroralace,64,290,False,False,search,mjb kak beda beda sekolah susunya kayak gambar tgtg sppgnya mbg sekolah adikku susunya pake ultramilk ultramimi biru pake 100 susu sapi murni konsisten tp bbrp susunya diganti campuran gulanya,NETRAL,0.85,Tweet ini menyampaikan informasi faktual tentang perbedaan susu yang digunakan di sekolah tanpa mengekspresikan opini positif atau negatif.,NEGATIF,0.6,parsed from text
2005887623844250071,https://x.com/IYouvita/status/2005887623844250071,"@mimibayi @sdenta Daerah mana ini Kak? Tempatku baru 2 minggu ini ada MBG sekolah, tapi udah libur lagi. Tolong!!! 🤣",Tue Dec 30 06:24:11 +0000 2025,in,0,0,0,0,46,True,2.0056567826021788e+18,2005484604040569085,IYouvita,2318,116,False,False,search,daerah kak tempatku minggu mbg sekolah libur tolong,NETRAL,0.9,Tweet ini menyampaikan informasi tentang lokasi dan waktu tanpa mengekspresikan opini atau sentimen yang jelas.,NEGATIF,0.75,"Tweet mengekspresikan keluhan/kekhawatiran bahwa di daerah pengguna, program MBG di sekolah tidak berjalan karena libur sekolah. Kata 'tolong' menunjukkan permintaan/harapan agar masalah ini ditangani, mengindikasikan ketidakpuasan terhadap pelaksanaan program."
2005879677043319275,https://x.com/kierahere_/status/2005879677043319275,"@Diek_Clev @megadivakost @rotibalegulaa @Ikhwan_17 @pengincumlaude Ya makanya ditawarin pendidikan gratis diambil, gimana mau dapat MBG, sekolah aja nggak",Tue Dec 30 05:52:37 +0000 2025,in,0,0,0,0,91,True,2.0058749729637993e+18,2005585466767401332,kierahere_,94,154,False,False,search,ya ditawarin pendidikan gratis diambil mbg sekolah,NETRAL,0.85,Tweet menyampaikan informasi tentang tawaran pendidikan gratis tanpa mengekspresikan opini atau sentimen yang jelas.,NETRAL,0.75,Tweet menyampaikan informasi faktual tentang penawaran pendidikan gratis dan program MBG di sekolah tanpa mengekspresikan opini atau sentimen yang jelas. Tidak ada indikator positif maupun negatif yang kuat.
2005818430306340955,https://x.com/mellifluouseaj/status/2005818430306340955,mbg sekolah adek gue berhenti operasional 3 mingguan katanya karna ada keterlambatan pencairan dana,Tue Dec 30 01:49:14 +0000 2025,in,1,0,0,0,88,False,,2005818430306340955,mellifluouseaj,555,99,False,False,search,mbg sekolah adek berhenti operasional mingguan karna keterlambatan pencairan dana,NEGATIF,0.9,Tweet menyampaikan keluhan tentang keterlambatan pencairan dana yang menyebabkan berhentinya operasional.,NEGATIF,0.92,Tweet mengekspresikan keluhan dan kekhawatiran tentang Program MBG yang berhenti operasional akibat keterlambatan pencairan dana. Kata 'berhenti' dan 'keterlambatan' menunjukkan masalah yang berdampak negatif pada pelaksanaan program.
2005563589365772397,https://x.com/letseloped/status/2005563589365772397,"ngomong ngomong soal mbg, sekolah kan libur tp tetangga ada yg disuru berangkat sekolah buat ngambil mbg. kocak.",Mon Dec 29 08:56:35 +0000 2025,in,0,0,0,0,12,False,,2005563589365772397,letseloped,13,112,False,False,search,ngomong ngomong mbg sekolah libur tp tetangga disuru berangkat sekolah ngambil mbg kocak,NETRAL,0.85,Tweet menyampaikan informasi tentang situasi tanpa mengekspresikan opini positif atau negatif yang jelas.,NEGATIF,0.75,Tweet mengekspresikan kritik/keluhan terhadap Program MBG dengan nada sarcasm. Kata 'kocak' (lucu/absurd) menunjukkan ketidaksetujuan terhadap kebijakan yang dianggap tidak logis - sekolah libur tetapi siswa tetap disuruh datang hanya untuk mengambil MBG. Ini mengindikasikan kekhawatiran/penolakan terhadap implementasi program.
2005499503680581790,https://x.com/michaelliaaaa/status/2005499503680581790,"@chocomuffinns Eh tp iya loh mbg tiap sekolah gk sama, soalnya mbg sekolah adekku sm SD deket rumah beda bgttt🤓",Mon Dec 29 04:41:56 +0000 2025,in,0,0,0,0,60,True,2.0054565805156764e+18,2005456580515676384,michaelliaaaa,1735,111,False,False,search,eh tp iya mbg sekolah gk mbg sekolah adekku sm sd deket rumah beda bgttt,NETRAL,0.9,Tweet menyampaikan informasi tentang lokasi sekolah tanpa mengekspresikan opini atau sentimen yang jelas.,NETRAL,0.75,Tweet menyampaikan observasi faktual tentang perbedaan implementasi Program MBG antara sekolah yang berbeda (sekolah adik vs SD dekat rumah). Tidak ada ekspresi sentimen yang jelas - hanya pernyataan bahwa ada perbedaan ('beda bgttt'). Tidak ada indikator dukungan atau kritik eksplisit.
2005456856324702602,https://x.com/binkybitz/status/2005456856324702602,ih anjing mbg sekolah adek gw juga pas libur gini masih jalan bangsaaaaaaat,Mon Dec 29 01:52:28 +0000 2025,in,0,0,0,0,43,False,,2005456856324702602,binkybitz,26,75,False,False,search,ih anjing mbg sekolah adek pas libur jalan bangsaaaaaaat,NEGATIF,0.85,Menggunakan kata 'anjing' dan 'bangsat' menunjukkan ekspresi ketidakpuasan atau kritik terhadap Program MBG.,NEGATIF,0.85,"Tweet mengekspresikan kekecewaan dan kritik terhadap Program MBG. Penggunaan kata 'anjing' dan 'bangsaaaaaaat' (dengan huruf berulang untuk penekanan) menunjukkan frustrasi. Isi tweet menyatakan bahwa program MBG di sekolah adik hanya berjalan saat libur, yang diinterpretasikan sebagai ketidakefektifan atau masalah implementasi program."
2005437376324305169,https://x.com/pittstry_/status/2005437376324305169,"mbg sekolah adekku malah bikin sw, minta maaf karena belum bisa ngirim mbg lagi KARENA BELUM CAIR DUITNYA, emang gitu ya? 🫠",Mon Dec 29 00:35:04 +0000 2025,in,0,0,0,0,3,False,,2005437376324305169,pittstry_,4,123,False,False,search,mbg sekolah adekku bikin sw maaf belum ngirim mbg belum cair duitnya emang ya,NETRAL,0.85,Tweet ini menyampaikan informasi tentang situasi MBG tanpa mengekspresikan opini positif atau negatif yang jelas.,NEGATIF,0.85,"Tweet mengekspresikan keluhan dan kekhawatiran tentang Program MBG yang belum cair dananya. Frasa 'belum ngirim', 'belum cair duitnya' menunjukkan masalah implementasi program. Konteks 'maaf' dan pertanyaan 'emang ya' mengindikasikan frustasi terhadap keterlambatan atau ketidakjelasan program."
2005417552667869293,https://x.com/jenoc24/status/2005417552667869293,"@intinyadeh Kan emang ada larangannya ngerekam/foto menu MBG. Sekolah anakku sebelum nerima MBG ada tanda tangan aturannya koq. Ga boleh foto, ga boleh post tentang mbg. Emang dibungkam dr awal",Sun Dec 28 23:16:18 +0000 2025,in,0,0,0,0,145,True,2.0052662671300078e+18,2005266200641916966,jenoc24,0,193,False,False,search,emang larangannya ngerekam foto menu mbg sekolah anakku nerima mbg tanda tangan aturannya koq foto post mbg emang dibungkam dr,NETRAL,0.85,Tweet ini menyampaikan informasi tentang larangan merekam foto menu MBG tanpa mengekspresikan opini positif atau negatif yang jelas.,NEGATIF,0.85,"Tweet mengekspresikan kekhawatiran dan pertanyaan kritis tentang larangan merekam/memfoto menu MBG. Penggunaan kata 'dibungkam' menunjukkan sentimen negatif terhadap pembatasan transparansi program. Penulis mempertanyakan aturan yang dirasa tidak jelas dan membatasi, mengindikasikan ketidakpuasan terhadap implementasi Program MBG."
2005084895853604926,https://x.com/Safrudin_09/status/2005084895853604926,@Kodokodar Tolol. Seluruh negara di dunia dah lama membuat program MBG sekolah. Cth jepang sdh ratusan tahun yg lalu.,Sun Dec 28 01:14:26 +0000 2025,in,0,0,0,0,142,True,2.004104644226888e+18,2004104644226887862,Safrudin_09,196,117,False,False,search,tolol negara dunia dah program mbg sekolah cth jepang ratusan,NEGATIF,0.9,Menggunakan kata 'tolol' dan menyebutkan kritik terhadap program MBG dengan perbandingan negatif terhadap Jepang.,NEGATIF,0.85,Tweet menggunakan kata 'tolol' (insulta/merendahkan) dan mengkritik Program MBG dengan membandingkannya secara negatif terhadap program negara lain seperti Jepang. Nada sarkastis dan merendahkan menunjukkan ketidakpuasan terhadap program.
2004844482987164126,https://x.com/HaqDarul/status/2004844482987164126,"@saturngguk Anda juga pengelola MBG dan BGN tidak pernah bersyukur diingatkan dengan fakta  menu MBG sekolah malah menutup diri untuk berbenah, takut cuan berkurang ya? Ingat jika tidak jujur kerakusan pengelola akan berakibat apapun bagi penikmatnya",Sat Dec 27 09:19:07 +0000 2025,in,0,0,0,0,28,True,2.0040620880342185e+18,2004062088034218469,HaqDarul,720,250,False,False,search,pengelola mbg bgn tidak bersyukur fakta menu mbg sekolah menutup berbenah takut cuan berkurang ya tidak jujur kerakusan pengelola berakibat apapun penikmatnya,NEGATIF,0.9,"Tweet ini mengungkapkan kritik terhadap pengelola Program MBG, menyebutkan ketidakjujuran dan kerakusan yang berdampak negatif.",NEGATIF,0.6,parsed from text
2004833152238547114,https://x.com/Wijaya_300478/status/2004833152238547114,"@heruanggaSS @buzzboyz28 🙄🙄🙄 sekolah tidak tahu menahu tentang MBG ..
Sekolah hanya tahu makanan MBG datang ke sekolah ,begitu juga bila di rubah menjadi uang kemungkinan besar akan di kelola oleh pemimpin orangtua murid sekolah tersebut ..
Tetapi semua kembali di dapurnya MBG. 
Bukan penerima",Sat Dec 27 08:34:06 +0000 2025,in,0,0,0,0,134,True,2.0048184953187497e+18,2004749115083866120,Wijaya_300478,4,294,False,False,search,sekolah tidak menahu mbg sekolah makanan mbg sekolah rubah uang kelola pemimpin orangtua murid sekolah dapurnya mbg bukan penerima,NETRAL,0.85,Tweet menyampaikan informasi tentang ketidaktahuan sekolah mengenai Program MBG tanpa mengekspresikan opini positif atau negatif yang jelas.,NEGATIF,0.85,"Tweet mengkritik implementasi Program MBG dengan menyebutkan masalah: sekolah tidak mengetahui program, adanya penyalahgunaan uang (rubah uang), keterlibatan pemimpin dan orangtua murid yang tidak sesuai, serta ketidakjelasan siapa penerima manfaat sebenarnya. Kata 'tidak' dan struktur kalimat menunjukkan keluhan dan kekhawatiran terhadap program."
2004775409108570542,https://x.com/Crushissuee/status/2004775409108570542,@raniismee MBG sekolah mana ini? Bagus banget,Sat Dec 27 04:44:39 +0000 2025,in,0,0,1,0,116,True,2.0047612700762975e+18,2004761270076297450,Crushissuee,749,45,False,False,search,mbg sekolah bagus banget,POSITIF,0.9,Tweet mengekspresikan dukungan dan apresiasi terhadap Program MBG dengan kata 'bagus banget'.,POSITIF,0.95,Tweet mengekspresikan apresiasi dan kepuasan terhadap Program MBG di sekolah dengan menggunakan kata 'bagus banget' yang menunjukkan dukungan kuat.
2004770796670169552,https://x.com/afzulkarnaiin/status/2004770796670169552,"@PRFMnews grgr mbg , sekolah libur 2 Minggu ,para penyedia mbg sibuk nyetok banyak banyak. Ah cuan halalnya 🤤",Sat Dec 27 04:26:19 +0000 2025,in,0,0,0,0,3212,True,2.0047491485838543e+18,2004749148583854360,afzulkarnaiin,11,109,False,False,search,grgr mbg sekolah libur minggu penyedia mbg sibuk nyetok ah cuan halalnya,NETRAL,0.8,Tweet menyampaikan informasi tentang situasi tanpa mengekspresikan opini positif atau negatif yang jelas.,NEGATIF,0.6,parsed from text
2004240052692607092,https://x.com/hopetricor/status/2004240052692607092,"mbg sekolah adikku buat seminggu:
roti tawar SETENGAH bungkus (5 lembar)
abon ayam (isi setengah kotak 200ml)
susu 2 kotak
telor rebus 2 pcs

😂😂😂",Thu Dec 25 17:17:20 +0000 2025,in,0,0,0,1,400,False,,2004240052692607092,hopetricor,239,145,False,False,search,mbg sekolah adikku seminggu roti tawar bungkus lembar abon ayam isi kotak 200ml susu kotak telor rebus pcs,NETRAL,0.9,Tweet ini menyampaikan informasi faktual tentang makanan yang diterima tanpa mengekspresikan opini atau sentimen yang jelas.,NETRAL,0.85,"Tweet hanya menyampaikan informasi faktual tentang menu makanan yang diterima dalam Program MBG (roti tawar, abon ayam, susu kotak, telur rebus) tanpa mengekspresikan opini, kritik, atau apresiasi yang jelas. Tidak ada indikator sentimen positif maupun negatif."
2004178835903074473,https://x.com/rofiaddinp/status/2004178835903074473,"Biasanya support bgt mbg sekolah mamaku, tapi anakku sendiri dapet mbg dr puskesmas sini busyeeeeet roti bertabur meses coklat gula pol eh isiannya MUESESSSSS saking padetnya buanyak bgt jirrr anakku 2 tahun makan itu eman2 bgt selama ini blm begitu kenal makanan manis",Thu Dec 25 13:14:04 +0000 2025,in,0,0,0,0,42,False,,2004178835903074473,rofiaddinp,317,269,False,False,search,support bgt mbg sekolah mamaku anakku dapet mbg dr puskesmas busyeeeeet roti bertabur meses coklat gula pol eh isiannya muesesssss saking padetnya buanyak bgt jirrr anakku makan eman2 bgt kenal makanan manis,POSITIF,0.9,Tweet mengekspresikan dukungan terhadap Program MBG dan menggambarkan pengalaman positif dengan makanan yang diberikan.,POSITIF,0.6,parsed from text
2004178816546361395,https://x.com/Pejuang_desa001/status/2004178816546361395,"@detikcom Artinya ibuk ini menganggap anak²selama ini tak bergizi, program MBG sangat bagus,  tapi jangan ngotot disaat libur dipaksakan krn tidak ada yg mengambil mbg, sekolah pada tutup yg ada cuma penjaga sekolah di sekolah saat libur sekolah",Thu Dec 25 13:14:00 +0000 2025,in,0,0,0,0,360,True,2.0040016484152486e+18,2004001648415248641,Pejuang_desa001,30,245,False,False,search,ibuk menganggap anak tak bergizi program mbg bagus jangan ngotot disaat libur dipaksakan tidak mengambil mbg sekolah tutup penjaga sekolah sekolah libur sekolah,NEGATIF,0.85,"Tweet menyampaikan kritik terhadap pelaksanaan Program MBG, menunjukkan ketidakpuasan dan masalah dengan akses saat libur sekolah.",NEGATIF,0.75,"Tweet mengandung kritik terhadap Program MBG dengan menyebutkan masalah implementasi: anak dianggap tidak bergizi meskipun ada program, pemaksaan saat libur sekolah, dan ketidakjelasan operasional (sekolah tutup/libur). Meskipun ada frasa 'bagus', konteks keseluruhan menunjukkan keluhan dan kekhawatiran tentang efektivitas program."
2004129351001165851,https://x.com/topanrizals/status/2004129351001165851,"@txtdrimedia Nah ini setuju banget ... Klo ortunya gagal bawain bekel sesuai porsi &amp; menu yg udah di tetapin sekolah, baru dicabut dananya di alihkan ke dapur MBG/sekolah.

Siap2 aja duit trilyunan muter d grass root tiap hari",Thu Dec 25 09:57:26 +0000 2025,in,0,0,0,0,82,True,2.0036271809879414e+18,2003627180987941315,topanrizals,0,230,False,False,search,setuju banget ortunya gagal bawain bekel sesuai porsi menu tetapin sekolah dicabut dananya alihkan dapur mbg sekolah siap2 duit trilyunan muter grass root,NEGATIF,0.85,"Tweet mengungkapkan kritik terhadap pelaksanaan Program MBG, menyebutkan 'gagal' dan masalah dalam pengelolaan dana.",NEGATIF,0.92,"Tweet mengkritik Program MBG dengan menyatakan orang tua gagal membawa bekal sesuai porsi, menyarankan pencabutan dana, dan mengkhawatirkan pengalihan dana ke dapur MBG. Kata 'gagal' dan nada kritis menunjukkan ketidakpuasan terhadap program."
2003646132346650807,https://x.com/SuketRambak/status/2003646132346650807,"@b_budiman1956 @__AnakKolong @TrisiyoWong sebelum antum di antemi,gizi anak2 sudah terjaga, bahkan jauh sebelum MBG. stunting timbul ,mayoritas karena masa bayi dalam kandungan,bukan kelas SMp,apalgi SMA",Wed Dec 24 01:57:18 +0000 2025,in,0,0,1,0,16,True,2.003290767025144e+18,2002774649395200249,SuketRambak,138,203,False,False,search,antum antemi gizi anak2 terjaga mbg stunting timbul mayoritas bayi kandungan bukan kelas smp apalgi sma,NETRAL,0.8,Tweet menyampaikan informasi tentang gizi anak dan stunting tanpa mengekspresikan opini positif atau negatif yang jelas.,NETRAL,0.6,parsed from text
1999687289711264049,https://x.com/Simemakl/status/1999687289711264049,"MBG menyentuh pelosok negeri! 🇮🇩 Pelaksanaan program gizi hingga ke daerah terpencil ini berpotensi besar menurunkan angka stunting di Indonesia. Akses gizi merata adalah kunci generasi emas. Ini langkah nyata! ✨
#MBG #Stunting #GiziMasyarakat https://t.co/k7fsee4YbI",Sat Dec 13 03:46:16 +0000 2025,in,0,0,0,0,20,False,,1999687289711264049,Simemakl,14,267,False,False,search,mbg menyentuh pelosok negeri pelaksanaan program gizi daerah terpencil berpotensi menurunkan angka stunting indonesia akses gizi merata kunci generasi emas langkah nyata,POSITIF,0.9,Tweet ini mengekspresikan dukungan terhadap Program MBG dengan menyebutkan dampak positifnya dalam menurunkan angka stunting dan akses gizi yang merata.,POSITIF,0.92,"Tweet mengekspresikan apresiasi dan optimisme terhadap Program MBG dengan menyebutkan dampak positif: 'menyentuh pelosok negeri', 'berpotensi menurunkan angka stunting', 'akses gizi merata', dan 'langkah nyata'. Frasa-frasa ini menunjukkan dukungan dan harapan terhadap program."
1992430940082377082,https://x.com/selimuthidangan/status/1992430940082377082,"sesulit apa sih revitalisasi koperasi yg BENERAN diawasi pemerintah dan kolaborasi ama wilayah penghasil sayur mayur dan ikan di jabar supaya harga sembako bisa turun n stabil? 
mantan gub the jak aja bisa

malah kopas mbg

stunting tuh hasil sembako mahal, upah rendah, ama judol",Sun Nov 23 03:12:08 +0000 2025,in,0,0,0,0,63,False,,1992430940082377082,selimuthidangan,51,280,False,False,search,sesulit revitalisasi koperasi beneran diawasi pemerintah kolaborasi ama wilayah penghasil sayur mayur ikan jabar harga sembako turun stabil mantan gub the jak kopas mbg stunting hasil sembako mahal upah rendah ama judol,NETRAL,0.85,Tweet menyampaikan informasi tentang revitalisasi koperasi dan kondisi harga sembako tanpa mengekspresikan opini positif atau negatif yang jelas.,NETRAL,0.6,parsed from text
1991172834736116012,https://x.com/_MasWis/status/1991172834736116012,"Sampe saat ini, gw gak ngerti masalah apa yg sedang dipecahin MBG. Stunting? Kelaparan? Gak punya menu sarapan? Atau apa? Klo sukses, masalah apa yg hilang?

Sejauh ini, apkh masalah tersebut ud hilang, membaik, atau berkurang? APA masalah itu? Jgn sampe malah nambah2in masalah.",Wed Nov 19 15:52:52 +0000 2025,in,0,0,0,0,84,True,1.9911683276586847e+18,1991120115841262029,_MasWis,8481,279,False,False,search,sampe ngerti dipecahin mbg stunting kelaparan menu sarapan sukses hilang apkh ud hilang membaik berkurang jgn sampe nambah2in,NEGATIF,0.85,Tweet menyampaikan kekhawatiran dan kritik terhadap efektivitas Program MBG dalam mengatasi masalah stunting dan kelaparan.,NETRAL,0.65,"Tweet mengandung pertanyaan informatif tentang efektivitas Program MBG dalam mengatasi stunting dan kelaparan, dengan fokus pada hasil/outcome. Meskipun ada kata 'sukses' dan 'membaik', konteks keseluruhan adalah inquiry faktual tentang status program tanpa ekspresi sentimen yang jelas. Tidak ada apresiasi eksplisit atau kritik tajam, hanya pertanyaan tentang dampak program."
1989781688566911383,https://x.com/DebySudar/status/1989781688566911383,"IQ jongkok, MBG
stunting, MBG
harga sembako mahal, MBG
sejuta masalah, MBG solusinya.
jane MBG ki ajaran ko ngendi to, beh  behhh.",Sat Nov 15 19:44:57 +0000 2025,in,0,0,0,0,36,False,,1989781688566911383,DebySudar,189,130,False,False,search,iq jongkok mbg stunting mbg harga sembako mahal mbg sejuta mbg solusinya jane mbg ki ajaran ko ngendi to beh behhh,NEGATIF,0.85,"Tweet mengungkapkan keluhan tentang masalah harga sembako dan stunting, menunjukkan ketidakpuasan terhadap Program MBG.",NEGATIF,0.6,parsed from text
1989523885403115800,https://x.com/UlilManik/status/1989523885403115800,@detikcom Pil Penambah darah di MBG? Stunting dicegah kapan ya?,Sat Nov 15 02:40:32 +0000 2025,in,0,0,0,0,15,True,1.9888266567487452e+18,1988826656748745141,UlilManik,22,63,False,False,search,pil penambah darah mbg stunting dicegah ya,NETRAL,0.9,Tweet menyampaikan informasi faktual tentang program tanpa mengekspresikan opini atau sentimen yang jelas.,POSITIF,0.85,"Tweet mengekspresikan harapan dan optimisme terhadap Program MBG dengan menyebutkan manfaat konkret (pil penambah darah, pencegahan stunting). Penggunaan 'ya' di akhir menunjukkan nada positif dan dukungan terhadap program."
1986316214180950288,https://x.com/cihtlali/status/1986316214180950288,Apel mbg stunting ajg😭😭,Thu Nov 06 06:14:24 +0000 2025,in,0,0,0,0,23,False,,1986316214180950288,cihtlali,22,23,False,False,search,apel mbg stunting ajg,NETRAL,0.8,"Tweet ini tidak mengandung opini atau sentimen yang jelas, hanya menyebutkan 'apel mbg stunting' tanpa konteks positif atau negatif.",NETRAL,0.6,parsed from text
1972952166890684530,https://x.com/OxJ0z/status/1972952166890684530,"💪 Anak sehat = generasi kuat 🇮🇩
Thanks to MBG, stunting bisa ditekan, prestasi bisa naik! 📚✨
Let’s support! 💖",Tue Sep 30 09:10:26 +0000 2025,in,0,0,0,0,6,False,,1972952166890684530,OxJ0z,28,109,False,False,search,anak sehat generasi kuat thanks to mbg stunting ditekan prestasi let support,POSITIF,0.95,Tweet mengekspresikan dukungan dan apresiasi terhadap Program MBG dengan menyebutkan dampak positifnya pada kesehatan anak dan prestasi.,POSITIF,0.92,"Tweet mengekspresikan dukungan dan apresiasi terhadap Program MBG dengan menyebutkan manfaat positif (anak sehat, generasi kuat, stunting ditekan, prestasi meningkat). Penggunaan 'thanks to mbg' dan 'let support' menunjukkan sentimen positif yang jelas terhadap program."
1970992711949033748,https://x.com/MasQomaru/status/1970992711949033748,"@RafikaPutriii @ibebrumbrapuk @andriekaryadi Kan Ibu hamil bagian dari penerima MBG. 

Stunting gak hanya dari ibu hamil, tp jg pasca dilahirkan (terutama ketika anak usia dibawah 3 tahun)",Wed Sep 24 23:24:16 +0000 2025,in,0,0,2,0,270,True,1.9708798952503624e+18,1970353789225017856,MasQomaru,123,188,False,False,search,hamil penerima mbg stunting hamil tp pasca dilahirkan anak usia dibawah,NETRAL,0.9,Tweet menyampaikan informasi faktual tentang penerima MBG dan kondisi anak tanpa mengekspresikan opini atau sentimen yang jelas.,NETRAL,0.75,"Tweet menyampaikan informasi faktual tentang penerima Program MBG yang hamil dan kondisi stunting pada anak usia di bawah tertentu. Tidak ada ekspresi sentimen yang jelas (dukungan, kritik, atau keluhan eksplisit). Teks terputus dan tampak seperti catatan/data informatif tanpa opini personal."
1955831770068476394,https://x.com/bkkbnjawatimur/status/1955831770068476394,"Kunjungan ini dalam rangka memaksimalkan pemberian MBG kepada sasaran 3B (ibu hamil, ibu menyusui, dan balita non-PAUD) dan dapat menurunkan angka stunting di Kota Malang.

#Kemendukbangga #BKKBNJatim #MBG #Stunting",Thu Aug 14 03:20:06 +0000 2025,in,0,0,0,0,57,True,1.955831768021656e+18,1955831768021655976,bkkbnjawatimur,1415,215,False,False,search,kunjungan rangka memaksimalkan pemberian mbg sasaran 3b hamil menyusui balita non paud menurunkan angka stunting kota malang,NETRAL,0.9,Tweet menyampaikan informasi faktual tentang program MBG tanpa mengekspresikan opini atau sentimen yang jelas.,NETRAL,0.85,"Tweet menyampaikan informasi faktual tentang kunjungan dan target program MBG (3B: hamil, menyusui, balita non PAUD) serta tujuannya menurunkan stunting di Kota Malang. Tidak ada ekspresi sentimen positif atau negatif yang jelas, hanya pernyataan informatif tentang kegiatan program."
1947294488537547156,https://x.com/Nusantara1News/status/1947294488537547156,"Pemanfaatan Teknologi MBG untuk Menekan Stunting dan Hadapi Tantangan Bonus Demografi

#Nusantara1News #MBG #Stunting https://t.co/L3OwXEtKrs",Mon Jul 21 13:55:59 +0000 2025,in,0,0,0,0,28,False,,1947294488537547156,Nusantara1News,2955,141,False,False,search,pemanfaatan teknologi mbg menekan stunting hadapi tantangan bonus demografi,NETRAL,0.9,Tweet menyampaikan informasi faktual tentang pemanfaatan teknologi dalam Program MBG tanpa mengekspresikan opini atau sentimen yang jelas.,NETRAL,0.85,"Tweet menyampaikan informasi faktual tentang pemanfaatan teknologi MBG dalam mengatasi stunting dan tantangan bonus demografi. Tidak ada ekspresi sentimen yang jelas (positif atau negatif), hanya pernyataan informatif/berita."
1940362275032019035,https://x.com/Lusbowln/status/1940362275032019035,"@hxxvry @MemeComicIndo Programnnya yg salah, dari awal niatnya mau cegah stunting tapi solusinya MBG. Stunting itu kekurangan gizi anak saat masih didalam kandungan sampai umur 2 thun tapi aktualnya yg dikasih makan anak umur 6 udah terlanjur cebol itu anak.",Wed Jul 02 10:49:51 +0000 2025,in,1,0,0,0,155,True,1.9403309758983334e+18,1940270536262906353,Lusbowln,16,258,False,False,search,programnnya salah niatnya cegah stunting solusinya mbg stunting kekurangan gizi anak didalam kandungan umur thun aktualnya dikasih makan anak umur terlanjur cebol anak,NEGATIF,0.85,Tweet ini mengungkapkan kritik terhadap program MBG dengan menyebutkan bahwa program tersebut tidak sesuai dengan niatnya dan menyebutkan masalah terkait stunting.,NEGATIF,0.85,"Tweet mengkritik Program MBG dengan menyatakan bahwa program tersebut 'salah niat' dan tidak efektif mengatasi stunting. Penulis berpendapat bahwa stunting terjadi sejak dalam kandungan, bukan saat anak sudah lahir, sehingga memberikan makan saat itu sudah 'terlanjur cebol' (terlambat). Ini merupakan kritik substantif terhadap efektivitas program."
1938572356672462965,https://x.com/PasukanSinga/status/1938572356672462965,"Dengan MBG, stunting dicegah dan masa depan bangsa diperkuat #MakanBergiziGratis #ManfaatMBG #CegahStunting #DukungMBG #IndonesiaEmas2045 https://t.co/GP2YKqvohS",Fri Jun 27 12:17:21 +0000 2025,in,1,0,0,2,34,False,,1938572356672462965,PasukanSinga,568,161,False,False,search,mbg stunting dicegah bangsa diperkuat,NETRAL,0.8,Tweet menyampaikan informasi tentang Program MBG dan dampaknya tanpa mengekspresikan opini atau sentimen yang jelas.,POSITIF,0.85,Tweet mengekspresikan dukungan dan optimisme terhadap Program MBG dengan menyebutkan manfaat positifnya (pencegahan stunting dan penguatan bangsa). Frasa 'dicegah' dan 'diperkuat' menunjukkan ekspektasi positif terhadap dampak program.
1932200257267675611,https://x.com/johnswijaya/status/1932200257267675611,"@napkinlecture @Pak_Irv dulu awal pak prabowo teriak teriak MBG, stunting bla bla bla saya juga nolak sebetulnya... memangnya seurgent itu ya??
setelah lihat itungan lu, sekarang jadi dukung MBG gw bang 🤣🤣😭

separah ini SDM Indonesia",Mon Jun 09 22:16:54 +0000 2025,in,0,0,1,0,502,True,1.9320522316224353e+18,1931901054305939731,johnswijaya,728,233,False,False,search,prabowo teriak teriak mbg stunting bla bla bla nolak memangnya seurgent ya lihat itungan dukung mbg bang separah sdm indonesia,NEGATIF,0.85,Tweet mengandung kritik terhadap Program MBG dan menunjukkan ketidakpuasan serta penolakan.,NEGATIF,0.6,parsed from text
1927228871268573387,https://x.com/CekSurveycom/status/1927228871268573387,"Program Makan Bergizi Gratis (MBG) bantu anak sekolah &amp; ibu hamil dapat makanan sehat dari UMKM &amp; PKK. Tapi akses di Papua &amp; wilayah timur masih belum merata.

Gizi cukup = masa depan cerah. Dukung pemerataan!

#MakanBergiziGratis #MBG #Stunting #GiziAnak #ProgramPemerintah https://t.co/bpNXwiM0yW",Tue May 27 05:02:23 +0000 2025,in,0,0,0,0,199,False,,1927228871268573387,CekSurveycom,54,310,False,False,search,program makan bergizi gratis mbg bantu anak sekolah hamil makanan sehat umkm pkk akses papua wilayah timur belum merata gizi cerah dukung pemerataan,POSITIF,0.85,Tweet mengekspresikan dukungan terhadap program MBG dan menyebutkan manfaatnya untuk anak sekolah serta pemerataan akses gizi.,NETRAL,0.6,parsed from text
2004394069028753646,https://x.com/nvrmindyms/status/2004394069028753646,"Ini sekolah libur, liburim aja mbg, anggaran pake buat bencana, kan gak susah ya. Kenapa kek pada gak mau mbg keganggu sih? Emang beneran makanan bergizi?",Fri Dec 26 03:29:20 +0000 2025,in,0,0,1,0,106,False,,2004394069028753646,nvrmindyms,1027,154,False,False,search,sekolah libur liburim mbg anggaran pake bencana susah ya kek mbg keganggu emang beneran makanan bergizi,NETRAL,0.85,Tweet menyampaikan informasi tentang kondisi sekolah dan anggaran tanpa mengekspresikan opini positif atau negatif yang jelas.,NEGATIF,0.6,parsed from text
2003638701927383332,https://x.com/PR_Kuningan/status/2003638701927383332,"Bupati Kuningan Ultimatum Pengelola Dapur MBG Anggaran Besar Rp355 M Melanggar Langsung Tutup Permanen https://t.co/DS5OGyok5J 
#MBGTetapBerjalan #DapurMBG #SPPG #MakanBergiziGratis #PikiranRakyatKuningan",Wed Dec 24 01:27:47 +0000 2025,in,0,0,0,0,27,False,,2003638701927383332,PR_Kuningan,135,204,True,False,search,bupati kuningan ultimatum pengelola dapur mbg anggaran rp355 melanggar langsung tutup permanen,NEGATIF,0.9,Tweet menyampaikan kritik terhadap pengelola Program MBG dengan menyebutkan pelanggaran dan penutupan permanen.,NEGATIF,0.92,"Tweet mengandung indikator negatif yang kuat: 'ultimatum', 'melanggar', 'tutup permanen'. Konteks menunjukkan adanya masalah serius dengan pengelolaan Program MBG (anggaran tidak sesuai), dan bupati memberikan ancaman penutupan permanen. Ini mengekspresikan kritik dan kekhawatiran terhadap program."
2003619434787930461,https://x.com/Yanto123587052/status/2003619434787930461,@somexthread Berpotensi korupsi proyek mbg anggaran 1 hari 1 triliun.lahan basah,Wed Dec 24 00:11:13 +0000 2025,in,0,0,0,0,29,True,2.0034577743915584e+18,2003457774391558482,Yanto123587052,70,80,False,False,search,berpotensi korupsi proyek mbg anggaran triliun lahan basah,NEGATIF,0.9,Mengandung kata 'korupsi' yang menunjukkan kritik terhadap Program MBG.,NEGATIF,0.92,"Tweet mengekspresikan kekhawatiran dan kritik terhadap Program MBG dengan menyebutkan 'berpotensi korupsi' dan 'anggaran triliun lahan basah', yang menunjukkan penolakan dan keraguan terhadap efektivitas program."
2003415716368916774,https://x.com/duykuduy/status/2003415716368916774,"1. ladang korupsi. they know that not everyone will take the mbg, anggaran ga dipangkas tp porsinya dipangkas
2. mubazir. food waste. ada brp juta ton sampah makanan yg gak bisa dikelola dgn baik sm pemerintah? sampah makanan tuh ga cuma jadi sampah tapi ya jd emisi karbon juga—",Tue Dec 23 10:41:43 +0000 2025,in,1,2,1,0,376,False,,2003415716368916774,duykuduy,848,279,False,False,search,ladang korupsi they know that not everyone will take the mbg anggaran dipangkas tp porsinya dipangkas mubazir food waste brp juta ton sampah makanan dikelola sm pemerintah sampah makanan sampah ya jd emisi karbon,NEGATIF,0.9,"Tweet mengandung kritik terhadap korupsi dan masalah pengelolaan makanan, serta menyiratkan ketidakpuasan terhadap Program MBG.",NEGATIF,0.92,"Tweet mengekspresikan kritik tajam terhadap Program MBG dengan menyebutkan 'ladang korupsi', kekhawatiran tentang pengurangan anggaran dan porsi, serta keluhan tentang pemborosan makanan dan pengelolaan sampah yang buruk. Penggunaan kata-kata seperti 'mubazir', 'sampah', dan tone sarkastis menunjukkan kekecewaan dan penolakan terhadap program."
2003374823154778123,https://x.com/Gyuvins14734/status/2003374823154778123,"@merapi_uncover Program : MBG
Anggaran : banyak
Tujuan : gatau, ngikut yg buat aja
Manfaat : gada, Ada sih satu (memperkaya oknum)",Tue Dec 23 07:59:13 +0000 2025,in,0,0,0,0,88,True,2.0030106069543488e+18,2003010606954348754,Gyuvins14734,1,130,False,False,search,program mbg anggaran tujuan gatau ngikut manfaat gada memperkaya oknum,NEGATIF,0.9,"Tweet ini mengungkapkan ketidakjelasan dan kritik terhadap manfaat program MBG, menunjukkan kekecewaan.",NEGATIF,0.85,"Tweet mengkritik Program MBG dengan menyatakan anggaran tidak jelas tujuannya, tidak ada manfaat, dan diduga memperkaya oknum (korupsi). Penggunaan 'gatau' (tidak tahu), 'gada' (tidak ada), dan tuduhan penyalahgunaan menunjukkan sentimen negatif yang kuat terhadap program."
2003371871090454792,https://x.com/numia_/status/2003371871090454792,"Terus itu makanan buat siapa? Anggaran jalan terus, penerima manfaat ngga ada, makanannya nanti dikemanain? Kenapa masih dipaksakan liburan tetap ada MBG? Anggaran MBG yang libur 2-3 minggu mending buat kebutuhan pendidikan yang lain.",Tue Dec 23 07:47:29 +0000 2025,in,0,0,0,0,28,False,,2003371871090454792,numia_,345,234,False,False,search,makanan anggaran jalan penerima manfaat ngga makanannya dikemanain dipaksakan liburan mbg anggaran mbg libur minggu mending kebutuhan pendidikan,NETRAL,0.85,Tweet menyampaikan informasi tentang anggaran dan penerima manfaat tanpa mengekspresikan opini positif atau negatif yang jelas.,NEGATIF,0.85,"Tweet mengkritik Program MBG dengan menyoroti masalah: makanan tidak sampai ke penerima manfaat ('dikemanain'), program dipaksakan, dan anggaran tidak efektif karena libur. Penulis menyarankan anggaran lebih baik untuk pendidikan, menunjukkan ketidakpuasan terhadap implementasi program."
2002527947564163151,https://x.com/kalderanews/status/2002527947564163151,"Viral di Media Sosial! Orang Tua di Cibitung Protes Menu MBG: Anggaran Rp15 Ribu, Realisasinya Dinilai Zonk https://t.co/Vb8xvQi6GZ",Sat Dec 20 23:54:02 +0000 2025,in,0,0,0,0,35,False,,2002527947564163151,kalderanews,1769,131,True,False,search,viral media sosial orang tua cibitung protes menu mbg anggaran rp15 ribu realisasinya dinilai zonk,NEGATIF,0.9,Tweet menyampaikan protes dan kritik terhadap menu MBG yang dianggap tidak memadai ('zonk'),NEGATIF,0.6,parsed from text
2002389595728626136,https://x.com/Reychan_A/status/2002389595728626136,"@DS_yantie Buanggg dana, stop mbg!!!!!! Anggaran nya mending buat korban bencana di Aceh dan sekitarnya!!",Sat Dec 20 14:44:16 +0000 2025,in,0,0,0,0,11,True,2.002171024478253e+18,2002171024478253148,Reychan_A,328,105,False,False,search,buanggg dana stop mbg anggaran mending korban bencana aceh,NEGATIF,0.9,"Tweet ini menyatakan penolakan terhadap Program MBG dan menyarankan agar dana dialokasikan untuk korban bencana, menunjukkan kritik terhadap program tersebut.",NEGATIF,0.95,"Tweet mengekspresikan penolakan dan kritik terhadap Program MBG dengan menggunakan kata 'buang' (pemborosan), 'stop' (hentikan), dan menyarankan alokasi dana untuk keperluan lain (korban bencana). Menunjukkan ketidaksetujuan dan kekhawatiran terhadap efektivitas program."
2002359645890027993,https://x.com/binibabycam/status/2002359645890027993,"@ARSIPAJA PLEASE STOP GBLK
- STOP NGASIH MAKAN TIKUS KANTOR, RAPAT GJLS, BUZZER
- STOP NGASIH DUIT GA SEMESTINYA (PONPES M M AN), PENGHIJAUAN HUTAN BRAZIL DSB.
- STOP MBG
ANGGARAN KITA BISA KEPAKE UNTUK HAL LEBIH URGENT. SUMATRA BELUM SELESAI, ATLET BERHAK MENDAPAT HAKNYA. https://t.co/zwrH2Nq1dt",Sat Dec 20 12:45:16 +0000 2025,in,326,32,1,0,23513,True,2.0023029679706688e+18,2002302967970668883,binibabycam,336,297,False,False,search,please stop gblk stop ngasih makan tikus kantor rapat gjls buzzer stop ngasih duit semestinya ponpes an penghijauan hutan brazil dsb stop mbg anggaran kepake urgent sumatra belum selesai atlet berhak haknya,NEGATIF,0.9,"Tweet ini mengungkapkan kritik dan penolakan terhadap Program MBG, dengan menyebutkan masalah anggaran dan urgensi yang belum terselesaikan.",NEGATIF,0.6,parsed from text
2002170979188191734,https://x.com/jengkolsifu/status/2002170979188191734,"@tempodotco Bentar2 MBG. Anggaran MBG cuman ter realisasi 74%.
Atau dari seluruh anggaran yang ada di pemerintahan indonesia.
MBG makan anggaran sampai 74% ?",Sat Dec 20 00:15:34 +0000 2025,in,0,0,0,0,134,True,2.0019934167047048e+18,2001993416704704660,jengkolsifu,21,157,False,False,search,bentar2 mbg anggaran mbg cuman ter realisasi 74 anggaran pemerintahan indonesia mbg makan anggaran 74,NEGATIF,0.85,"Tweet menyebutkan bahwa anggaran Program MBG hanya teralisasi 74%, menunjukkan kritik terhadap efektivitas program.",NEGATIF,0.85,"Tweet mengkritik Program MBG dengan menyoroti masalah realisasi anggaran yang hanya mencapai 74%, mengindikasikan ketidakefektifan program dalam penggunaan dana pemerintah. Frasa 'cuman ter realisasi 74%' menunjukkan kekhawatiran dan kritik terhadap kinerja program."
2002038839884537973,https://x.com/notxxantai/status/2002038839884537973,"@_unnarinn @KlutzyKucing mungkin beda pemimpin beda cara pengambilan keputusannya, aku gatau nih presiden skrg kynya pro bgt kan ke pembangunan ekonomi dan jalanin visi misi dia, ambisius memang, tahun depan aja bnyk anggaran yg dipotong buat MBG. Anggaran MBG masih jauh lebih besar dibanding kebencanaan",Fri Dec 19 15:30:30 +0000 2025,in,0,0,0,0,111,True,2.00203792952345e+18,2001783261782249580,notxxantai,552,305,False,False,search,beda pemimpin beda pengambilan keputusannya gatau presiden skrg kynya pro bgt pembangunan ekonomi jalanin visi misi ambisius bnyk anggaran dipotong mbg anggaran mbg dibanding kebencanaan,NETRAL,0.85,Tweet menyampaikan informasi tentang perbedaan pemimpin dan pengambilan keputusan tanpa mengekspresikan opini positif atau negatif yang jelas.,NEGATIF,0.85,"Tweet mengkritik keputusan presiden terkait prioritas anggaran, menyatakan bahwa anggaran MBG dipotong dibanding kebencanaan. Penggunaan 'gatau' (tidak tahu), 'dipotong', dan perbandingan negatif menunjukkan kekhawatiran dan ketidaksetujuan terhadap alokasi anggaran Program MBG."
2001777014223900806,https://x.com/Akihito69san/status/2001777014223900806,@txtdrimedia kasian tu anak² gk kebagian MBG. anggaran besar gitu harusnya bisa loh anter MBG kesana,Thu Dec 18 22:10:06 +0000 2025,in,1,0,0,0,427,True,2.0015292993384325e+18,2001529299338432624,Akihito69san,97,100,False,False,search,kasian tu anak gk kebagian mbg anggaran anter mbg kesana,NEGATIF,0.9,"Tweet menyampaikan keluhan tentang anak yang tidak kebagian Program MBG, menunjukkan kekecewaan terhadap pelaksanaan program.",NEGATIF,0.85,Tweet mengekspresikan kekhawatiran dan keluhan bahwa ada anak yang tidak mendapatkan manfaat Program MBG karena masalah anggaran/distribusi. Kata 'kasian' menunjukkan empati negatif terhadap situasi yang dianggap tidak adil atau bermasalah dalam implementasi program.
2001654887906709838,https://x.com/diajengeniie/status/2001654887906709838,"@poconxg Poto mbg anggaran 15rb.
Kentang rebus 2 biji, mana kagak dikupas. Telor puyuh 3, kelengkeng 4 biji ama susu. https://t.co/BnKMUWXQU3",Thu Dec 18 14:04:48 +0000 2025,in,0,0,0,0,83,True,2.0015530629311447e+18,2001553062931144778,diajengeniie,377,141,False,False,search,poto mbg anggaran 15rb kentang rebus biji kagak dikupas telor puyuh kelengkeng biji ama susu,NETRAL,0.85,Tweet ini menyampaikan informasi tentang anggaran dan jenis makanan dalam Program MBG tanpa mengekspresikan opini positif atau negatif yang jelas.,NEGATIF,0.85,"Tweet mengkritik kualitas makanan Program MBG dengan menunjukkan foto makanan yang dianggap tidak layak (kentang rebus tidak dikupas, telur puyuh, kelengkeng biji) dengan anggaran hanya 15rb. Tone mengekspresikan kekecewaan terhadap kualitas dan presentasi makanan yang diberikan."
